{
    "09/01/2016": [
        {
            "end": "0",
            "first": "57.54",
            "high": "0",
            "hour": " 07:00:00",
            "low": "0"
        },
        {
            "end": "0",
            "first": "57.46",
            "high": "0",
            "hour": " 08:00:00",
            "low": "0"
        },
        {
            "end": "57.5",
            "first": "57.35",
            "high": "57.71",
            "hour": " 09:00:00",
            "low": "57.01"
        },
        {
            "end": "57.245",
            "first": "57.505",
            "high": "57.58",
            "hour": " 10:00:00",
            "low": "57.155"
        },
        {
            "end": "57.425",
            "first": "57.24",
            "high": "57.5",
            "hour": " 11:00:00",
            "low": "57.15"
        },
        {
            "end": "57.705",
            "first": "57.425",
            "high": "57.77",
            "hour": " 12:00:00",
            "low": "57.41"
        },
        {
            "end": "57.64",
            "first": "57.705",
            "high": "57.82",
            "hour": " 13:00:00",
            "low": "57.64"
        },
        {
            "end": "57.52",
            "first": "57.64",
            "high": "57.64",
            "hour": " 14:00:00",
            "low": "57.46"
        },
        {
            "end": "57.59",
            "first": "57.53",
            "high": "57.64",
            "hour": " 15:00:00",
            "low": "57.33"
        },
        {
            "end": "57.59",
            "first": "57.59",
            "high": "57.59",
            "hour": " 16:00:00",
            "low": "57.59"
        },
        {
            "end": "0",
            "first": "57.53",
            "high": "0",
            "hour": " 18:00:00",
            "low": "0"
        }
    ],
    "09/02/2016": [
        {
            "end": "0",
            "first": "57.6",
            "high": "0",
            "hour": " 08:00:00",
            "low": "0"
        },
        {
            "end": "58.18",
            "first": "57.67",
            "high": "58.18",
            "hour": " 09:00:00",
            "low": "57.66"
        },
        {
            "end": "57.99",
            "first": "58.18",
            "high": "58.18",
            "hour": " 10:00:00",
            "low": "57.96"
        },
        {
            "end": "57.79",
            "first": "57.99",
            "high": "58",
            "hour": " 11:00:00",
            "low": "57.79"
        },
        {
            "end": "57.615",
            "first": "57.8",
            "high": "57.825",
            "hour": " 12:00:00",
            "low": "57.59"
        },
        {
            "end": "57.48",
            "first": "57.62",
            "high": "57.62",
            "hour": " 13:00:00",
            "low": "57.42"
        },
        {
            "end": "57.65",
            "first": "57.475",
            "high": "57.705",
            "hour": " 14:00:00",
            "low": "57.475"
        },
        {
            "end": "57.67",
            "first": "57.66",
            "high": "57.78",
            "hour": " 15:00:00",
            "low": "57.64"
        },
        {
            "end": "57.67",
            "first": "57.67",
            "high": "57.67",
            "hour": " 16:00:00",
            "low": "57.67"
        }
    ],
    "09/06/2016": [
        {
            "end": "0",
            "first": "57.7",
            "high": "0",
            "hour": " 08:00:00",
            "low": "0"
        },
        {
            "end": "57.475",
            "first": "57.65",
            "high": "57.69",
            "hour": " 09:00:00",
            "low": "57.4"
        },
        {
            "end": "57.45",
            "first": "57.47",
            "high": "57.53",
            "hour": " 10:00:00",
            "low": "57.22"
        },
        {
            "end": "57.485",
            "first": "57.45",
            "high": "57.525",
            "hour": " 11:00:00",
            "low": "57.4"
        },
        {
            "end": "57.555",
            "first": "57.485",
            "high": "57.605",
            "hour": " 12:00:00",
            "low": "57.465"
        },
        {
            "end": "57.555",
            "first": "57.555",
            "high": "57.59",
            "hour": " 13:00:00",
            "low": "57.535"
        },
        {
            "end": "57.6",
            "first": "57.555",
            "high": "57.6",
            "hour": " 14:00:00",
            "low": "57.515"
        },
        {
            "end": "57.6",
            "first": "57.595",
            "high": "57.6",
            "hour": " 15:00:00",
            "low": "57.54"
        },
        {
            "end": "57.61",
            "first": "57.61",
            "high": "57.61",
            "hour": " 16:00:00",
            "low": "57.61"
        },
        {
            "end": "0",
            "first": "57.61",
            "high": "0",
            "hour": " 17:00:00",
            "low": "0"
        }
    ],
    "09/07/2016": [
        {
            "end": "0",
            "first": "57.62",
            "high": "0",
            "hour": " 07:00:00",
            "low": "0"
        },
        {
            "end": "0",
            "first": "57.61",
            "high": "0",
            "hour": " 08:00:00",
            "low": "0"
        },
        {
            "end": "57.58",
            "first": "57.62",
            "high": "57.59",
            "hour": " 09:00:00",
            "low": "57.405"
        },
        {
            "end": "57.62",
            "first": "57.59",
            "high": "57.84",
            "hour": " 10:00:00",
            "low": "57.53"
        },
        {
            "end": "57.57",
            "first": "57.62",
            "high": "57.67",
            "hour": " 11:00:00",
            "low": "57.54"
        },
        {
            "end": "57.57",
            "first": "57.57",
            "high": "57.62",
            "hour": " 12:00:00",
            "low": "57.51"
        },
        {
            "end": "57.58",
            "first": "57.58",
            "high": "57.64",
            "hour": " 13:00:00",
            "low": "57.56"
        },
        {
            "end": "57.56",
            "first": "57.58",
            "high": "57.64",
            "hour": " 14:00:00",
            "low": "57.555"
        },
        {
            "end": "57.65",
            "first": "57.565",
            "high": "57.65",
            "hour": " 15:00:00",
            "low": "57.505"
        },
        {
            "end": "57.66",
            "first": "57.66",
            "high": "57.66",
            "hour": " 16:00:00",
            "low": "57.66"
        },
        {
            "end": "0",
            "first": "57.62",
            "high": "0",
            "hour": " 19:00:00",
            "low": "0"
        }
    ],
    "09/08/2016": [
        {
            "end": "0",
            "first": "57.57",
            "high": "0",
            "hour": " 07:00:00",
            "low": "0"
        },
        {
            "end": "0",
            "first": "57.59",
            "high": "0",
            "hour": " 08:00:00",
            "low": "0"
        },
        {
            "end": "57.43",
            "first": "57.51",
            "high": "57.78",
            "hour": " 09:00:00",
            "low": "57.415"
        },
        {
            "end": "57.59",
            "first": "57.43",
            "high": "57.64",
            "hour": " 10:00:00",
            "low": "57.36"
        },
        {
            "end": "57.465",
            "first": "57.59",
            "high": "57.66",
            "hour": " 11:00:00",
            "low": "57.45"
        },
        {
            "end": "57.33",
            "first": "57.465",
            "high": "57.5",
            "hour": " 12:00:00",
            "low": "57.325"
        },
        {
            "end": "57.315",
            "first": "57.33",
            "high": "57.38",
            "hour": " 13:00:00",
            "low": "57.18"
        },
        {
            "end": "57.39",
            "first": "57.31",
            "high": "57.395",
            "hour": " 14:00:00",
            "low": "57.25"
        },
        {
            "end": "57.42",
            "first": "57.39",
            "high": "57.5",
            "hour": " 15:00:00",
            "low": "57.375"
        },
        {
            "end": "57.43",
            "first": "57.43",
            "high": "57.43",
            "hour": " 16:00:00",
            "low": "57.43"
        },
        {
            "end": "0",
            "first": "57.4",
            "high": "0",
            "hour": " 19:00:00",
            "low": "0"
        }
    ],
    "09/09/2016": [
        {
            "end": "0",
            "first": "57.11",
            "high": "0",
            "hour": " 08:00:00",
            "low": "0"
        },
        {
            "end": "57.27",
            "first": "57",
            "high": "57.27",
            "hour": " 09:00:00",
            "low": "56.73"
        },
        {
            "end": "57.19",
            "first": "57.275",
            "high": "57.52",
            "hour": " 10:00:00",
            "low": "57.11"
        },
        {
            "end": "56.99",
            "first": "57.195",
            "high": "57.28",
            "hour": " 11:00:00",
            "low": "56.95"
        },
        {
            "end": "56.91",
            "first": "56.99",
            "high": "57.06",
            "hour": " 12:00:00",
            "low": "56.825"
        },
        {
            "end": "56.71",
            "first": "56.915",
            "high": "56.93",
            "hour": " 13:00:00",
            "low": "56.665"
        },
        {
            "end": "56.67",
            "first": "56.71",
            "high": "56.77",
            "hour": " 14:00:00",
            "low": "56.44"
        },
        {
            "end": "56.22",
            "first": "56.67",
            "high": "56.72",
            "hour": " 15:00:00",
            "low": "56.21"
        },
        {
            "end": "56.21",
            "first": "56.21",
            "high": "56.21",
            "hour": " 16:00:00",
            "low": "56.21"
        },
        {
            "end": "0",
            "first": "56.4",
            "high": "0",
            "hour": " 17:00:00",
            "low": "0"
        },
        {
            "end": "0",
            "first": "56.25",
            "high": "0",
            "hour": " 18:00:00",
            "low": "0"
        },
        {
            "end": "0",
            "first": "56.22",
            "high": "0",
            "hour": " 19:00:00",
            "low": "0"
        }
    ],
    "09/12/2016": [
        {
            "end": "0",
            "first": "55.78",
            "high": "0",
            "hour": " 07:00:00",
            "low": "0"
        },
        {
            "end": "0",
            "first": "55.9",
            "high": "0",
            "hour": " 08:00:00",
            "low": "0"
        },
        {
            "end": "56.17",
            "first": "55.91",
            "high": "56.24",
            "hour": " 09:00:00",
            "low": "55.61"
        },
        {
            "end": "56.4",
            "first": "56.18",
            "high": "56.49",
            "hour": " 10:00:00",
            "low": "56.12"
        },
        {
            "end": "56.43",
            "first": "56.395",
            "high": "56.51",
            "hour": " 11:00:00",
            "low": "56.275"
        },
        {
            "end": "56.655",
            "first": "56.43",
            "high": "56.69",
            "hour": " 12:00:00",
            "low": "56.35"
        },
        {
            "end": "56.96",
            "first": "56.66",
            "high": "56.99",
            "hour": " 13:00:00",
            "low": "56.535"
        },
        {
            "end": "57.06",
            "first": "56.97",
            "high": "57.165",
            "hour": " 14:00:00",
            "low": "56.94"
        },
        {
            "end": "57.05",
            "first": "57.06",
            "high": "57.2",
            "hour": " 15:00:00",
            "low": "56.94"
        },
        {
            "end": "57.05",
            "first": "57.05",
            "high": "57.05",
            "hour": " 16:00:00",
            "low": "57.05"
        },
        {
            "end": "0",
            "first": "56.96",
            "high": "0",
            "hour": " 18:00:00",
            "low": "0"
        }
    ],
    "09/13/2016": [
        {
            "end": "0",
            "first": "56.62",
            "high": "0",
            "hour": " 07:00:00",
            "low": "0"
        },
        {
            "end": "0",
            "first": "56.56",
            "high": "0",
            "hour": " 08:00:00",
            "low": "0"
        },
        {
            "end": "56.375",
            "first": "56.56",
            "high": "56.64",
            "hour": " 09:00:00",
            "low": "56.25"
        },
        {
            "end": "56.23",
            "first": "56.38",
            "high": "56.48",
            "hour": " 10:00:00",
            "low": "56.19"
        },
        {
            "end": "56.26",
            "first": "56.22",
            "high": "56.295",
            "hour": " 11:00:00",
            "low": "56.06"
        },
        {
            "end": "56.185",
            "first": "56.26",
            "high": "56.435",
            "hour": " 12:00:00",
            "low": "56.1"
        },
        {
            "end": "56.31",
            "first": "56.18",
            "high": "56.455",
            "hour": " 13:00:00",
            "low": "56.075"
        },
        {
            "end": "56.22",
            "first": "56.3",
            "high": "56.39",
            "hour": " 14:00:00",
            "low": "56.17"
        },
        {
            "end": "56.53",
            "first": "56.22",
            "high": "56.65",
            "hour": " 15:00:00",
            "low": "56.125"
        },
        {
            "end": "56.53",
            "first": "56.53",
            "high": "56.53",
            "hour": " 16:00:00",
            "low": "56.53"
        },
        {
            "end": "0",
            "first": "56.57",
            "high": "0",
            "hour": " 17:00:00",
            "low": "0"
        },
        {
            "end": "0",
            "first": "56.59",
            "high": "0",
            "hour": " 19:00:00",
            "low": "0"
        }
    ],
    "09/14/2016": [
        {
            "end": "0",
            "first": "56.81",
            "high": "0",
            "hour": " 07:00:00",
            "low": "0"
        },
        {
            "end": "0",
            "first": "56.67",
            "high": "0",
            "hour": " 08:00:00",
            "low": "0"
        },
        {
            "end": "56.14",
            "first": "56.68",
            "high": "56.43",
            "hour": " 09:00:00",
            "low": "56.04"
        },
        {
            "end": "56.495",
            "first": "56.14",
            "high": "56.62",
            "hour": " 10:00:00",
            "low": "56.12"
        },
        {
            "end": "56.51",
            "first": "56.495",
            "high": "56.54",
            "hour": " 11:00:00",
            "low": "56.23"
        },
        {
            "end": "56.49",
            "first": "56.52",
            "high": "56.62",
            "hour": " 12:00:00",
            "low": "56.41"
        },
        {
            "end": "56.28",
            "first": "56.48",
            "high": "56.51",
            "hour": " 13:00:00",
            "low": "56.28"
        },
        {
            "end": "56.34",
            "first": "56.28",
            "high": "56.38",
            "hour": " 14:00:00",
            "low": "56.145"
        },
        {
            "end": "56.26",
            "first": "56.34",
            "high": "56.36",
            "hour": " 15:00:00",
            "low": "56.04"
        },
        {
            "end": "56.26",
            "first": "56.26",
            "high": "56.26",
            "hour": " 16:00:00",
            "low": "56.26"
        },
        {
            "end": "0",
            "first": "56.23",
            "high": "0",
            "hour": " 18:00:00",
            "low": "0"
        }
    ],
    "09/15/2016": [
        {
            "end": "0",
            "first": "56.34",
            "high": "0",
            "hour": " 08:00:00",
            "low": "0"
        },
        {
            "end": "56.22",
            "first": "56.15",
            "high": "56.33",
            "hour": " 09:00:00",
            "low": "55.98"
        },
        {
            "end": "56.86",
            "first": "56.22",
            "high": "56.865",
            "hour": " 10:00:00",
            "low": "56.17"
        },
        {
            "end": "56.885",
            "first": "56.855",
            "high": "56.99",
            "hour": " 11:00:00",
            "low": "56.74"
        },
        {
            "end": "56.87",
            "first": "56.89",
            "high": "56.99",
            "hour": " 12:00:00",
            "low": "56.84"
        },
        {
            "end": "57.12",
            "first": "56.88",
            "high": "57.12",
            "hour": " 13:00:00",
            "low": "56.875"
        },
        {
            "end": "57.28",
            "first": "57.12",
            "high": "57.34",
            "hour": " 14:00:00",
            "low": "57.065"
        },
        {
            "end": "57.19",
            "first": "57.29",
            "high": "57.345",
            "hour": " 15:00:00",
            "low": "57.18"
        },
        {
            "end": "57.19",
            "first": "57.19",
            "high": "57.19",
            "hour": " 16:00:00",
            "low": "57.19"
        },
        {
            "end": "0",
            "first": "57.06",
            "high": "0",
            "hour": " 19:00:00",
            "low": "0"
        }
    ],
    "09/16/2016": [
        {
            "end": "57.3",
            "first": "57.2",
            "high": "57.42",
            "hour": " 09:00:00",
            "low": "56.75"
        },
        {
            "end": "57.19",
            "first": "57.29",
            "high": "57.32",
            "hour": " 10:00:00",
            "low": "57.035"
        },
        {
            "end": "57.13",
            "first": "57.195",
            "high": "57.22",
            "hour": " 11:00:00",
            "low": "57.04"
        },
        {
            "end": "57.06",
            "first": "57.12",
            "high": "57.23",
            "hour": " 12:00:00",
            "low": "57.055"
        },
        {
            "end": "57.09",
            "first": "57.055",
            "high": "57.13",
            "hour": " 13:00:00",
            "low": "57.02"
        },
        {
            "end": "57.055",
            "first": "57.09",
            "high": "57.18",
            "hour": " 14:00:00",
            "low": "57.05"
        },
        {
            "end": "57.24",
            "first": "57.06",
            "high": "57.31",
            "hour": " 15:00:00",
            "low": "57.05"
        },
        {
            "end": "57.25",
            "first": "57.25",
            "high": "57.25",
            "hour": " 16:00:00",
            "low": "57.25"
        },
        {
            "end": "0",
            "first": "57.29",
            "high": "0",
            "hour": " 17:00:00",
            "low": "0"
        },
        {
            "end": "0",
            "first": "57.29",
            "high": "0",
            "hour": " 19:00:00",
            "low": "0"
        }
    ],
    "09/19/2016": [
        {
            "end": "0",
            "first": "57.5",
            "high": "0",
            "hour": " 08:00:00",
            "low": "0"
        },
        {
            "end": "57.75",
            "first": "57.39",
            "high": "57.75",
            "hour": " 09:00:00",
            "low": "57.26"
        },
        {
            "end": "57.47",
            "first": "57.745",
            "high": "57.745",
            "hour": " 10:00:00",
            "low": "57.45"
        },
        {
            "end": "57.365",
            "first": "57.47",
            "high": "57.565",
            "hour": " 11:00:00",
            "low": "57.33"
        },
        {
            "end": "57.06",
            "first": "57.365",
            "high": "57.38",
            "hour": " 12:00:00",
            "low": "57.02"
        },
        {
            "end": "56.98",
            "first": "57.05",
            "high": "57.17",
            "hour": " 13:00:00",
            "low": "56.85"
        },
        {
            "end": "57.225",
            "first": "56.985",
            "high": "57.245",
            "hour": " 14:00:00",
            "low": "56.97"
        },
        {
            "end": "56.93",
            "first": "57.23",
            "high": "57.235",
            "hour": " 15:00:00",
            "low": "56.91"
        },
        {
            "end": "56.93",
            "first": "56.93",
            "high": "56.93",
            "hour": " 16:00:00",
            "low": "56.93"
        }
    ],
    "09/20/2016": [
        {
            "end": "0",
            "first": "57.12",
            "high": "0",
            "hour": " 08:00:00",
            "low": "0"
        },
        {
            "end": "57.18",
            "first": "57.18",
            "high": "57.3",
            "hour": " 09:00:00",
            "low": "57.1"
        },
        {
            "end": "56.93",
            "first": "57.185",
            "high": "57.22",
            "hour": " 10:00:00",
            "low": "56.79"
        },
        {
            "end": "56.8",
            "first": "56.93",
            "high": "56.985",
            "hour": " 11:00:00",
            "low": "56.79"
        },
        {
            "end": "56.78",
            "first": "56.81",
            "high": "56.96",
            "hour": " 12:00:00",
            "low": "56.755"
        },
        {
            "end": "56.95",
            "first": "56.78",
            "high": "56.965",
            "hour": " 13:00:00",
            "low": "56.755"
        },
        {
            "end": "56.95",
            "first": "56.94",
            "high": "56.995",
            "hour": " 14:00:00",
            "low": "56.905"
        },
        {
            "end": "56.82",
            "first": "56.96",
            "high": "57.015",
            "hour": " 15:00:00",
            "low": "56.82"
        },
        {
            "end": "56.81",
            "first": "56.81",
            "high": "56.81",
            "hour": " 16:00:00",
            "low": "56.81"
        },
        {
            "end": "0",
            "first": "57.37",
            "high": "0",
            "hour": " 17:00:00",
            "low": "0"
        },
        {
            "end": "0",
            "first": "57.33",
            "high": "0",
            "hour": " 18:00:00",
            "low": "0"
        },
        {
            "end": "0",
            "first": "57.33",
            "high": "0",
            "hour": " 19:00:00",
            "low": "0"
        }
    ],
    "09/21/2016": [
        {
            "end": "0",
            "first": "57.45",
            "high": "0",
            "hour": " 08:00:00",
            "low": "0"
        },
        {
            "end": "57.43",
            "first": "57.57",
            "high": "57.59",
            "hour": " 09:00:00",
            "low": "57.08"
        },
        {
            "end": "57.45",
            "first": "57.44",
            "high": "57.59",
            "hour": " 10:00:00",
            "low": "57.395"
        },
        {
            "end": "57.37",
            "first": "57.46",
            "high": "57.515",
            "hour": " 11:00:00",
            "low": "57.34"
        },
        {
            "end": "57.18",
            "first": "57.375",
            "high": "57.45",
            "hour": " 12:00:00",
            "low": "57.11"
        },
        {
            "end": "57.3",
            "first": "57.17",
            "high": "57.37",
            "hour": " 13:00:00",
            "low": "57.13"
        },
        {
            "end": "57.51",
            "first": "57.3",
            "high": "57.53",
            "hour": " 14:00:00",
            "low": "57.12"
        },
        {
            "end": "57.75",
            "first": "57.52",
            "high": "57.845",
            "hour": " 15:00:00",
            "low": "57.47"
        },
        {
            "end": "57.76",
            "first": "57.76",
            "high": "57.76",
            "hour": " 16:00:00",
            "low": "57.76"
        },
        {
            "end": "0",
            "first": "57.73",
            "high": "0",
            "hour": " 17:00:00",
            "low": "0"
        },
        {
            "end": "0",
            "first": "57.78",
            "high": "0",
            "hour": " 18:00:00",
            "low": "0"
        },
        {
            "end": "0",
            "first": "57.8",
            "high": "0",
            "hour": " 19:00:00",
            "low": "0"
        }
    ],
    "09/22/2016": [
        {
            "end": "0",
            "first": "57.82",
            "high": "0",
            "hour": " 07:00:00",
            "low": "0"
        },
        {
            "end": "0",
            "first": "57.83",
            "high": "0",
            "hour": " 08:00:00",
            "low": "0"
        },
        {
            "end": "57.92",
            "first": "57.95",
            "high": "58",
            "hour": " 09:00:00",
            "low": "57.83"
        },
        {
            "end": "57.89",
            "first": "57.92",
            "high": "57.995",
            "hour": " 10:00:00",
            "low": "57.855"
        },
        {
            "end": "57.86",
            "first": "57.89",
            "high": "57.945",
            "hour": " 11:00:00",
            "low": "57.82"
        },
        {
            "end": "57.83",
            "first": "57.87",
            "high": "57.9",
            "hour": " 12:00:00",
            "low": "57.81"
        },
        {
            "end": "57.86",
            "first": "57.835",
            "high": "57.89",
            "hour": " 13:00:00",
            "low": "57.8"
        },
        {
            "end": "57.74",
            "first": "57.86",
            "high": "57.88",
            "hour": " 14:00:00",
            "low": "57.635"
        },
        {
            "end": "57.79",
            "first": "57.74",
            "high": "57.9",
            "hour": " 15:00:00",
            "low": "57.73"
        },
        {
            "end": "57.82",
            "first": "57.82",
            "high": "57.82",
            "hour": " 16:00:00",
            "low": "57.82"
        }
    ],
    "09/23/2016": [
        {
            "end": "57.505",
            "first": "57.8",
            "high": "57.9",
            "hour": " 09:00:00",
            "low": "57.5"
        },
        {
            "end": "57.445",
            "first": "57.5",
            "high": "57.6",
            "hour": " 10:00:00",
            "low": "57.415"
        },
        {
            "end": "57.455",
            "first": "57.445",
            "high": "57.51",
            "hour": " 11:00:00",
            "low": "57.41"
        },
        {
            "end": "57.535",
            "first": "57.455",
            "high": "57.54",
            "hour": " 12:00:00",
            "low": "57.43"
        },
        {
            "end": "57.49",
            "first": "57.53",
            "high": "57.54",
            "hour": " 13:00:00",
            "low": "57.38"
        },
        {
            "end": "57.545",
            "first": "57.49",
            "high": "57.625",
            "hour": " 14:00:00",
            "low": "57.46"
        },
        {
            "end": "57.43",
            "first": "57.54",
            "high": "57.595",
            "hour": " 15:00:00",
            "low": "57.43"
        },
        {
            "end": "57.43",
            "first": "57.43",
            "high": "57.43",
            "hour": " 16:00:00",
            "low": "57.43"
        },
        {
            "end": "0",
            "first": "57.46",
            "high": "0",
            "hour": " 17:00:00",
            "low": "0"
        }
    ],
    "09/26/2016": [
        {
            "end": "0",
            "first": "57.3",
            "high": "0",
            "hour": " 08:00:00",
            "low": "0"
        },
        {
            "end": "56.915",
            "first": "57.26",
            "high": "57.14",
            "hour": " 09:00:00",
            "low": "56.83"
        },
        {
            "end": "56.995",
            "first": "56.92",
            "high": "57.05",
            "hour": " 10:00:00",
            "low": "56.85"
        },
        {
            "end": "56.9",
            "first": "56.995",
            "high": "57.02",
            "hour": " 11:00:00",
            "low": "56.84"
        },
        {
            "end": "57",
            "first": "56.9",
            "high": "57.025",
            "hour": " 12:00:00",
            "low": "56.855"
        },
        {
            "end": "57.03",
            "first": "57.005",
            "high": "57.05",
            "hour": " 13:00:00",
            "low": "56.95"
        },
        {
            "end": "56.96",
            "first": "57.03",
            "high": "57.1",
            "hour": " 14:00:00",
            "low": "56.945"
        },
        {
            "end": "56.92",
            "first": "56.95",
            "high": "57.1",
            "hour": " 15:00:00",
            "low": "56.88"
        },
        {
            "end": "56.9",
            "first": "56.9",
            "high": "56.9",
            "hour": " 16:00:00",
            "low": "56.9"
        },
        {
            "end": "0",
            "first": "56.95",
            "high": "0",
            "hour": " 17:00:00",
            "low": "0"
        }
    ],
    "09/27/2016": [
        {
            "end": "0",
            "first": "57.01",
            "high": "0",
            "hour": " 08:00:00",
            "low": "0"
        },
        {
            "end": "57.24",
            "first": "56.98",
            "high": "57.24",
            "hour": " 09:00:00",
            "low": "56.69"
        },
        {
            "end": "57.23",
            "first": "57.245",
            "high": "57.43",
            "hour": " 10:00:00",
            "low": "57.21"
        },
        {
            "end": "57.6",
            "first": "57.24",
            "high": "57.6",
            "hour": " 11:00:00",
            "low": "57.22"
        },
        {
            "end": "57.815",
            "first": "57.6",
            "high": "57.82",
            "hour": " 12:00:00",
            "low": "57.515"
        },
        {
            "end": "57.975",
            "first": "57.815",
            "high": "57.98",
            "hour": " 13:00:00",
            "low": "57.68"
        },
        {
            "end": "57.905",
            "first": "57.975",
            "high": "58.06",
            "hour": " 14:00:00",
            "low": "57.88"
        },
        {
            "end": "57.96",
            "first": "57.905",
            "high": "57.995",
            "hour": " 15:00:00",
            "low": "57.79"
        },
        {
            "end": "57.95",
            "first": "57.95",
            "high": "57.95",
            "hour": " 16:00:00",
            "low": "57.95"
        },
        {
            "end": "0",
            "first": "57.85",
            "high": "0",
            "hour": " 17:00:00",
            "low": "0"
        }
    ],
    "09/28/2016": [
        {
            "end": "57.9",
            "first": "57.91",
            "high": "57.99",
            "hour": " 09:00:00",
            "low": "57.68"
        },
        {
            "end": "57.825",
            "first": "57.9",
            "high": "57.985",
            "hour": " 10:00:00",
            "low": "57.795"
        },
        {
            "end": "57.91",
            "first": "57.82",
            "high": "57.92",
            "hour": " 11:00:00",
            "low": "57.725"
        },
        {
            "end": "57.85",
            "first": "57.905",
            "high": "57.97",
            "hour": " 12:00:00",
            "low": "57.805"
        },
        {
            "end": "57.8",
            "first": "57.85",
            "high": "57.85",
            "hour": " 13:00:00",
            "low": "57.775"
        },
        {
            "end": "58.03",
            "first": "57.795",
            "high": "58.05",
            "hour": " 14:00:00",
            "low": "57.79"
        },
        {
            "end": "58.03",
            "first": "58.03",
            "high": "58.05",
            "hour": " 15:00:00",
            "low": "57.915"
        },
        {
            "end": "58.03",
            "first": "58.03",
            "high": "58.03",
            "hour": " 16:00:00",
            "low": "58.03"
        },
        {
            "end": "0",
            "first": "58.05",
            "high": "0",
            "hour": " 17:00:00",
            "low": "0"
        },
        {
            "end": "0",
            "first": "58",
            "high": "0",
            "hour": " 18:00:00",
            "low": "0"
        },
        {
            "end": "0",
            "first": "58.04",
            "high": "0",
            "hour": " 19:00:00",
            "low": "0"
        }
    ],
    "09/29/2016": [
        {
            "end": "0",
            "first": "58",
            "high": "0",
            "hour": " 07:00:00",
            "low": "0"
        },
        {
            "end": "0",
            "first": "57.98",
            "high": "0",
            "hour": " 08:00:00",
            "low": "0"
        },
        {
            "end": "58.07",
            "first": "57.96",
            "high": "58.115",
            "hour": " 09:00:00",
            "low": "57.81"
        },
        {
            "end": "57.965",
            "first": "58.075",
            "high": "58.16",
            "hour": " 10:00:00",
            "low": "57.815"
        },
        {
            "end": "57.995",
            "first": "57.965",
            "high": "58.06",
            "hour": " 11:00:00",
            "low": "57.92"
        },
        {
            "end": "57.48",
            "first": "57.995",
            "high": "58.09",
            "hour": " 12:00:00",
            "low": "57.42"
        },
        {
            "end": "57.315",
            "first": "57.47",
            "high": "57.51",
            "hour": " 13:00:00",
            "low": "57.215"
        },
        {
            "end": "57.625",
            "first": "57.31",
            "high": "57.72",
            "hour": " 14:00:00",
            "low": "57.22"
        },
        {
            "end": "57.4",
            "first": "57.62",
            "high": "57.69",
            "hour": " 15:00:00",
            "low": "57.39"
        },
        {
            "end": "57.4",
            "first": "57.4",
            "high": "57.4",
            "hour": " 16:00:00",
            "low": "57.4"
        },
        {
            "end": "0",
            "first": "57.46",
            "high": "0",
            "hour": " 17:00:00",
            "low": "0"
        },
        {
            "end": "0",
            "first": "57.46",
            "high": "0",
            "hour": " 18:00:00",
            "low": "0"
        },
        {
            "end": "0",
            "first": "57.46",
            "high": "0",
            "hour": " 19:00:00",
            "low": "0"
        }
    ],
    "09/30/2016": [
        {
            "end": "0",
            "first": "57.68",
            "high": "0",
            "hour": " 08:00:00",
            "low": "0"
        },
        {
            "end": "57.36",
            "first": "57.54",
            "high": "57.68",
            "hour": " 09:00:00",
            "low": "57.34"
        },
        {
            "end": "57.49",
            "first": "57.35",
            "high": "57.51",
            "hour": " 10:00:00",
            "low": "57.35"
        },
        {
            "end": "57.52",
            "first": "57.49",
            "high": "57.67",
            "hour": " 11:00:00",
            "low": "57.49"
        },
        {
            "end": "57.5",
            "first": "57.52",
            "high": "57.64",
            "hour": " 12:00:00",
            "low": "57.49"
        },
        {
            "end": "57.54",
            "first": "57.5",
            "high": "57.61",
            "hour": " 13:00:00",
            "low": "57.46"
        },
        {
            "end": "57.57",
            "first": "57.545",
            "high": "57.62",
            "hour": " 14:00:00",
            "low": "57.52"
        },
        {
            "end": "57.59",
            "first": "57.58",
            "high": "57.77",
            "hour": " 15:00:00",
            "low": "57.58"
        },
        {
            "end": "57.6",
            "first": "57.58",
            "high": "57.6",
            "hour": " 16:00:00",
            "low": "57.58"
        },
        {
            "end": "0",
            "first": "57.6",
            "high": "0",
            "hour": " 18:00:00",
            "low": "0"
        },
        {
            "end": "0",
            "first": "57.59",
            "high": "0",
            "hour": " 19:00:00",
            "low": "0"
        }
    ],
    "10/03/2016": [
        {
            "end": "0",
            "first": "57.7",
            "high": "0",
            "hour": " 07:00:00",
            "low": "0"
        },
        {
            "end": "0",
            "first": "57.6",
            "high": "0",
            "hour": " 08:00:00",
            "low": "0"
        },
        {
            "end": "57.17",
            "first": "57.45",
            "high": "57.55",
            "hour": " 09:00:00",
            "low": "57.07"
        },
        {
            "end": "57.38",
            "first": "57.17",
            "high": "57.435",
            "hour": " 10:00:00",
            "low": "57.15"
        },
        {
            "end": "57.3",
            "first": "57.37",
            "high": "57.405",
            "hour": " 11:00:00",
            "low": "57.19"
        },
        {
            "end": "57.31",
            "first": "57.3",
            "high": "57.33",
            "hour": " 12:00:00",
            "low": "57.18"
        },
        {
            "end": "57.39",
            "first": "57.315",
            "high": "57.395",
            "hour": " 13:00:00",
            "low": "57.28"
        },
        {
            "end": "57.36",
            "first": "57.385",
            "high": "57.485",
            "hour": " 14:00:00",
            "low": "57.3"
        },
        {
            "end": "57.41",
            "first": "57.37",
            "high": "57.48",
            "hour": " 15:00:00",
            "low": "57.34"
        },
        {
            "end": "57.42",
            "first": "57.42",
            "high": "57.42",
            "hour": " 16:00:00",
            "low": "57.42"
        },
        {
            "end": "0",
            "first": "57.37",
            "high": "0",
            "hour": " 17:00:00",
            "low": "0"
        },
        {
            "end": "0",
            "first": "57.46",
            "high": "0",
            "hour": " 19:00:00",
            "low": "0"
        }
    ],
    "10/04/2016": [
        {
            "end": "0",
            "first": "57.41",
            "high": "0",
            "hour": " 07:00:00",
            "low": "0"
        },
        {
            "end": "0",
            "first": "57.43",
            "high": "0",
            "hour": " 08:00:00",
            "low": "0"
        },
        {
            "end": "57.56",
            "first": "57.5",
            "high": "57.59",
            "hour": " 09:00:00",
            "low": "57.27"
        },
        {
            "end": "57.47",
            "first": "57.55",
            "high": "57.55",
            "hour": " 10:00:00",
            "low": "57.21"
        },
        {
            "end": "57.265",
            "first": "57.47",
            "high": "57.485",
            "hour": " 11:00:00",
            "low": "57.12"
        },
        {
            "end": "57.225",
            "first": "57.26",
            "high": "57.395",
            "hour": " 12:00:00",
            "low": "57.2"
        },
        {
            "end": "57.09",
            "first": "57.22",
            "high": "57.29",
            "hour": " 13:00:00",
            "low": "57.005"
        },
        {
            "end": "56.99",
            "first": "57.08",
            "high": "57.135",
            "hour": " 14:00:00",
            "low": "56.975"
        },
        {
            "end": "57.24",
            "first": "56.985",
            "high": "57.265",
            "hour": " 15:00:00",
            "low": "56.98"
        },
        {
            "end": "57.24",
            "first": "57.24",
            "high": "57.24",
            "hour": " 16:00:00",
            "low": "57.24"
        }
    ],
    "10/05/2016": [
        {
            "end": "57.59",
            "first": "57.3",
            "high": "57.7",
            "hour": " 09:00:00",
            "low": "57.26"
        },
        {
            "end": "57.725",
            "first": "57.59",
            "high": "57.83",
            "hour": " 10:00:00",
            "low": "57.53"
        },
        {
            "end": "57.905",
            "first": "57.71",
            "high": "57.925",
            "hour": " 11:00:00",
            "low": "57.69"
        },
        {
            "end": "57.86",
            "first": "57.905",
            "high": "57.96",
            "hour": " 12:00:00",
            "low": "57.835"
        },
        {
            "end": "57.87",
            "first": "57.87",
            "high": "57.89",
            "hour": " 13:00:00",
            "low": "57.73"
        },
        {
            "end": "57.84",
            "first": "57.86",
            "high": "57.915",
            "hour": " 14:00:00",
            "low": "57.8"
        },
        {
            "end": "57.64",
            "first": "57.84",
            "high": "57.875",
            "hour": " 15:00:00",
            "low": "57.6"
        },
        {
            "end": "57.64",
            "first": "57.64",
            "high": "57.64",
            "hour": " 16:00:00",
            "low": "57.64"
        }
    ],
    "10/06/2016": [
        {
            "end": "0",
            "first": "57.6",
            "high": "0",
            "hour": " 07:00:00",
            "low": "0"
        },
        {
            "end": "0",
            "first": "57.7",
            "high": "0",
            "hour": " 08:00:00",
            "low": "0"
        },
        {
            "end": "57.44",
            "first": "57.59",
            "high": "57.65",
            "hour": " 09:00:00",
            "low": "57.28"
        },
        {
            "end": "57.65",
            "first": "57.43",
            "high": "57.68",
            "hour": " 10:00:00",
            "low": "57.37"
        },
        {
            "end": "57.74",
            "first": "57.66",
            "high": "57.81",
            "hour": " 11:00:00",
            "low": "57.37"
        },
        {
            "end": "57.76",
            "first": "57.74",
            "high": "57.855",
            "hour": " 12:00:00",
            "low": "57.73"
        },
        {
            "end": "57.71",
            "first": "57.76",
            "high": "57.78",
            "hour": " 13:00:00",
            "low": "57.66"
        },
        {
            "end": "57.79",
            "first": "57.71",
            "high": "57.79",
            "hour": " 14:00:00",
            "low": "57.71"
        },
        {
            "end": "57.74",
            "first": "57.8",
            "high": "57.83",
            "hour": " 15:00:00",
            "low": "57.71"
        },
        {
            "end": "57.74",
            "first": "57.74",
            "high": "57.74",
            "hour": " 16:00:00",
            "low": "57.74"
        }
    ],
    "10/07/2016": [
        {
            "end": "57.7",
            "first": "57.82",
            "high": "57.95",
            "hour": " 09:00:00",
            "low": "57.55"
        },
        {
            "end": "57.74",
            "first": "57.705",
            "high": "57.97",
            "hour": " 10:00:00",
            "low": "57.67"
        },
        {
            "end": "57.51",
            "first": "57.745",
            "high": "57.855",
            "hour": " 11:00:00",
            "low": "57.425"
        },
        {
            "end": "57.56",
            "first": "57.505",
            "high": "57.62",
            "hour": " 12:00:00",
            "low": "57.455"
        },
        {
            "end": "57.825",
            "first": "57.57",
            "high": "57.86",
            "hour": " 13:00:00",
            "low": "57.52"
        },
        {
            "end": "57.95",
            "first": "57.825",
            "high": "57.975",
            "hour": " 14:00:00",
            "low": "57.77"
        },
        {
            "end": "57.79",
            "first": "57.96",
            "high": "57.96",
            "hour": " 15:00:00",
            "low": "57.75"
        },
        {
            "end": "57.8",
            "first": "57.8",
            "high": "57.8",
            "hour": " 16:00:00",
            "low": "57.8"
        }
    ],
    "10/10/2016": [
        {
            "end": "0",
            "first": "57.91",
            "high": "0",
            "hour": " 08:00:00",
            "low": "0"
        },
        {
            "end": "58.295",
            "first": "58",
            "high": "58.3",
            "hour": " 09:00:00",
            "low": "57.91"
        },
        {
            "end": "58.295",
            "first": "58.3",
            "high": "58.385",
            "hour": " 10:00:00",
            "low": "58.215"
        },
        {
            "end": "58.13",
            "first": "58.3",
            "high": "58.315",
            "hour": " 11:00:00",
            "low": "58.06"
        },
        {
            "end": "58.03",
            "first": "58.13",
            "high": "58.135",
            "hour": " 12:00:00",
            "low": "57.975"
        },
        {
            "end": "58.005",
            "first": "58.03",
            "high": "58.06",
            "hour": " 13:00:00",
            "low": "57.87"
        },
        {
            "end": "58.105",
            "first": "58.01",
            "high": "58.16",
            "hour": " 14:00:00",
            "low": "57.99"
        },
        {
            "end": "58.05",
            "first": "58.11",
            "high": "58.155",
            "hour": " 15:00:00",
            "low": "58.04"
        },
        {
            "end": "58.04",
            "first": "58.04",
            "high": "58.04",
            "hour": " 16:00:00",
            "low": "58.04"
        },
        {
            "end": "0",
            "first": "58.1",
            "high": "0",
            "hour": " 17:00:00",
            "low": "0"
        }
    ],
    "10/11/2016": [
        {
            "end": "0",
            "first": "58.26",
            "high": "0",
            "hour": " 07:00:00",
            "low": "0"
        },
        {
            "end": "0",
            "first": "57.9",
            "high": "0",
            "hour": " 08:00:00",
            "low": "0"
        },
        {
            "end": "57.57",
            "first": "57.96",
            "high": "58",
            "hour": " 09:00:00",
            "low": "57.545"
        },
        {
            "end": "57.515",
            "first": "57.57",
            "high": "57.725",
            "hour": " 10:00:00",
            "low": "57.505"
        },
        {
            "end": "57.33",
            "first": "57.51",
            "high": "57.525",
            "hour": " 11:00:00",
            "low": "57.265"
        },
        {
            "end": "57.27",
            "first": "57.33",
            "high": "57.385",
            "hour": " 12:00:00",
            "low": "57.17"
        },
        {
            "end": "57.175",
            "first": "57.26",
            "high": "57.26",
            "hour": " 13:00:00",
            "low": "57.06"
        },
        {
            "end": "57.025",
            "first": "57.175",
            "high": "57.19",
            "hour": " 14:00:00",
            "low": "56.9"
        },
        {
            "end": "57.18",
            "first": "57.02",
            "high": "57.225",
            "hour": " 15:00:00",
            "low": "57.005"
        },
        {
            "end": "57.19",
            "first": "57.19",
            "high": "57.19",
            "hour": " 16:00:00",
            "low": "57.19"
        },
        {
            "end": "0",
            "first": "57.29",
            "high": "0",
            "hour": " 17:00:00",
            "low": "0"
        }
    ],
    "10/12/2016": [
        {
            "end": "0",
            "first": "57.48",
            "high": "0",
            "hour": " 07:00:00",
            "low": "0"
        },
        {
            "end": "0",
            "first": "57.2",
            "high": "0",
            "hour": " 08:00:00",
            "low": "0"
        },
        {
            "end": "56.575",
            "first": "57.2",
            "high": "57.12",
            "hour": " 09:00:00",
            "low": "56.4"
        },
        {
            "end": "56.7",
            "first": "56.58",
            "high": "56.78",
            "hour": " 10:00:00",
            "low": "56.515"
        },
        {
            "end": "57",
            "first": "56.71",
            "high": "57.03",
            "hour": " 11:00:00",
            "low": "56.705"
        },
        {
            "end": "57.02",
            "first": "57.01",
            "high": "57.07",
            "hour": " 12:00:00",
            "low": "56.99"
        },
        {
            "end": "57.13",
            "first": "57.03",
            "high": "57.15",
            "hour": " 13:00:00",
            "low": "56.98"
        },
        {
            "end": "57.1",
            "first": "57.13",
            "high": "57.26",
            "hour": " 14:00:00",
            "low": "57.02"
        },
        {
            "end": "57.11",
            "first": "57.09",
            "high": "57.235",
            "hour": " 15:00:00",
            "low": "57.015"
        },
        {
            "end": "57.11",
            "first": "57.11",
            "high": "57.11",
            "hour": " 16:00:00",
            "low": "57.11"
        },
        {
            "end": "0",
            "first": "57",
            "high": "0",
            "hour": " 19:00:00",
            "low": "0"
        }
    ],
    "10/13/2016": [
        {
            "end": "56.53",
            "first": "56.78",
            "high": "56.74",
            "hour": " 09:00:00",
            "low": "56.425"
        },
        {
            "end": "56.5",
            "first": "56.52",
            "high": "56.605",
            "hour": " 10:00:00",
            "low": "56.32"
        },
        {
            "end": "56.85",
            "first": "56.5",
            "high": "56.85",
            "hour": " 11:00:00",
            "low": "56.44"
        },
        {
            "end": "57.09",
            "first": "56.84",
            "high": "57.09",
            "hour": " 12:00:00",
            "low": "56.78"
        },
        {
            "end": "57.2",
            "first": "57.09",
            "high": "57.2",
            "hour": " 13:00:00",
            "low": "57"
        },
        {
            "end": "57.245",
            "first": "57.205",
            "high": "57.295",
            "hour": " 14:00:00",
            "low": "57.13"
        },
        {
            "end": "56.93",
            "first": "57.24",
            "high": "57.24",
            "hour": " 15:00:00",
            "low": "56.855"
        },
        {
            "end": "56.92",
            "first": "56.92",
            "high": "56.92",
            "hour": " 16:00:00",
            "low": "56.92"
        },
        {
            "end": "0",
            "first": "56.97",
            "high": "0",
            "hour": " 17:00:00",
            "low": "0"
        },
        {
            "end": "0",
            "first": "56.96",
            "high": "0",
            "hour": " 18:00:00",
            "low": "0"
        }
    ],
    "10/14/2016": [
        {
            "end": "0",
            "first": "57.2",
            "high": "0",
            "hour": " 07:00:00",
            "low": "0"
        },
        {
            "end": "0",
            "first": "57.2",
            "high": "0",
            "hour": " 08:00:00",
            "low": "0"
        },
        {
            "end": "57.49",
            "first": "57.17",
            "high": "57.56",
            "hour": " 09:00:00",
            "low": "57.12"
        },
        {
            "end": "57.58",
            "first": "57.49",
            "high": "57.74",
            "hour": " 10:00:00",
            "low": "57.44"
        },
        {
            "end": "57.32",
            "first": "57.58",
            "high": "57.67",
            "hour": " 11:00:00",
            "low": "57.29"
        },
        {
            "end": "57.455",
            "first": "57.32",
            "high": "57.48",
            "hour": " 12:00:00",
            "low": "57.24"
        },
        {
            "end": "57.43",
            "first": "57.45",
            "high": "57.63",
            "hour": " 13:00:00",
            "low": "57.4"
        },
        {
            "end": "57.465",
            "first": "57.42",
            "high": "57.53",
            "hour": " 14:00:00",
            "low": "57.335"
        },
        {
            "end": "57.43",
            "first": "57.465",
            "high": "57.62",
            "hour": " 15:00:00",
            "low": "57.42"
        },
        {
            "end": "57.42",
            "first": "57.42",
            "high": "57.42",
            "hour": " 16:00:00",
            "low": "57.42"
        },
        {
            "end": "0",
            "first": "57.43",
            "high": "0",
            "hour": " 17:00:00",
            "low": "0"
        },
        {
            "end": "0",
            "first": "57.45",
            "high": "0",
            "hour": " 19:00:00",
            "low": "0"
        }
    ],
    "10/17/2016": [
        {
            "end": "0",
            "first": "57.45",
            "high": "0",
            "hour": " 07:00:00",
            "low": "0"
        },
        {
            "end": "0",
            "first": "57.41",
            "high": "0",
            "hour": " 08:00:00",
            "low": "0"
        },
        {
            "end": "56.94",
            "first": "57.45",
            "high": "57.45",
            "hour": " 09:00:00",
            "low": "56.9"
        },
        {
            "end": "57.145",
            "first": "56.94",
            "high": "57.19",
            "hour": " 10:00:00",
            "low": "56.88"
        },
        {
            "end": "57.145",
            "first": "57.15",
            "high": "57.225",
            "hour": " 11:00:00",
            "low": "57.05"
        },
        {
            "end": "57.11",
            "first": "57.15",
            "high": "57.205",
            "hour": " 12:00:00",
            "low": "57.07"
        },
        {
            "end": "57.11",
            "first": "57.12",
            "high": "57.175",
            "hour": " 13:00:00",
            "low": "57.065"
        },
        {
            "end": "57.23",
            "first": "57.11",
            "high": "57.265",
            "hour": " 14:00:00",
            "low": "57.1"
        },
        {
            "end": "57.21",
            "first": "57.23",
            "high": "57.33",
            "hour": " 15:00:00",
            "low": "57.17"
        },
        {
            "end": "57.22",
            "first": "57.22",
            "high": "57.22",
            "hour": " 16:00:00",
            "low": "57.22"
        }
    ],
    "10/18/2016": [
        {
            "end": "0",
            "first": "57.55",
            "high": "0",
            "hour": " 07:00:00",
            "low": "0"
        },
        {
            "end": "0",
            "first": "57.56",
            "high": "0",
            "hour": " 08:00:00",
            "low": "0"
        },
        {
            "end": "57.61",
            "first": "57.64",
            "high": "57.94",
            "hour": " 09:00:00",
            "low": "57.53"
        },
        {
            "end": "57.62",
            "first": "57.61",
            "high": "57.655",
            "hour": " 10:00:00",
            "low": "57.415"
        },
        {
            "end": "57.74",
            "first": "57.63",
            "high": "57.74",
            "hour": " 11:00:00",
            "low": "57.59"
        },
        {
            "end": "57.74",
            "first": "57.74",
            "high": "57.78",
            "hour": " 12:00:00",
            "low": "57.715"
        },
        {
            "end": "57.74",
            "first": "57.75",
            "high": "57.84",
            "hour": " 13:00:00",
            "low": "57.715"
        },
        {
            "end": "57.8",
            "first": "57.74",
            "high": "57.815",
            "hour": " 14:00:00",
            "low": "57.71"
        },
        {
            "end": "57.65",
            "first": "57.8",
            "high": "57.8",
            "hour": " 15:00:00",
            "low": "57.65"
        },
        {
            "end": "57.66",
            "first": "57.66",
            "high": "57.66",
            "hour": " 16:00:00",
            "low": "57.66"
        },
        {
            "end": "0",
            "first": "57.44",
            "high": "0",
            "hour": " 17:00:00",
            "low": "0"
        },
        {
            "end": "0",
            "first": "57.42",
            "high": "0",
            "hour": " 18:00:00",
            "low": "0"
        },
        {
            "end": "0",
            "first": "57.41",
            "high": "0",
            "hour": " 19:00:00",
            "low": "0"
        }
    ],
    "10/19/2016": [
        {
            "end": "0",
            "first": "57.47",
            "high": "0",
            "hour": " 07:00:00",
            "low": "0"
        },
        {
            "end": "0",
            "first": "57.47",
            "high": "0",
            "hour": " 08:00:00",
            "low": "0"
        },
        {
            "end": "57.48",
            "first": "57.54",
            "high": "57.58",
            "hour": " 09:00:00",
            "low": "57.4"
        },
        {
            "end": "57.775",
            "first": "57.48",
            "high": "57.835",
            "hour": " 10:00:00",
            "low": "57.48"
        },
        {
            "end": "57.525",
            "first": "57.77",
            "high": "57.785",
            "hour": " 11:00:00",
            "low": "57.47"
        },
        {
            "end": "57.55",
            "first": "57.52",
            "high": "57.58",
            "hour": " 12:00:00",
            "low": "57.505"
        },
        {
            "end": "57.57",
            "first": "57.56",
            "high": "57.665",
            "hour": " 13:00:00",
            "low": "57.535"
        },
        {
            "end": "57.62",
            "first": "57.57",
            "high": "57.64",
            "hour": " 14:00:00",
            "low": "57.54"
        },
        {
            "end": "57.56",
            "first": "57.63",
            "high": "57.68",
            "hour": " 15:00:00",
            "low": "57.54"
        },
        {
            "end": "57.53",
            "first": "57.53",
            "high": "57.53",
            "hour": " 16:00:00",
            "low": "57.53"
        },
        {
            "end": "0",
            "first": "57.6",
            "high": "0",
            "hour": " 17:00:00",
            "low": "0"
        },
        {
            "end": "0",
            "first": "57.6",
            "high": "0",
            "hour": " 18:00:00",
            "low": "0"
        },
        {
            "end": "0",
            "first": "57.6",
            "high": "0",
            "hour": " 19:00:00",
            "low": "0"
        }
    ],
    "10/20/2016": [
        {
            "end": "0",
            "first": "57.71",
            "high": "0",
            "hour": " 07:00:00",
            "low": "0"
        },
        {
            "end": "0",
            "first": "57.73",
            "high": "0",
            "hour": " 08:00:00",
            "low": "0"
        },
        {
            "end": "57.17",
            "first": "57.57",
            "high": "57.52",
            "hour": " 09:00:00",
            "low": "56.785"
        },
        {
            "end": "56.775",
            "first": "57.17",
            "high": "57.31",
            "hour": " 10:00:00",
            "low": "56.66"
        },
        {
            "end": "57.07",
            "first": "56.77",
            "high": "57.075",
            "hour": " 11:00:00",
            "low": "56.765"
        },
        {
            "end": "57.19",
            "first": "57.07",
            "high": "57.275",
            "hour": " 12:00:00",
            "low": "57.06"
        },
        {
            "end": "57.01",
            "first": "57.185",
            "high": "57.205",
            "hour": " 13:00:00",
            "low": "56.9"
        },
        {
            "end": "57.14",
            "first": "57.01",
            "high": "57.16",
            "hour": " 14:00:00",
            "low": "56.97"
        },
        {
            "end": "57.24",
            "first": "57.14",
            "high": "57.37",
            "hour": " 15:00:00",
            "low": "57.075"
        },
        {
            "end": "57.25",
            "first": "57.25",
            "high": "57.25",
            "hour": " 16:00:00",
            "low": "57.25"
        },
        {
            "end": "0",
            "first": "60.43",
            "high": "0",
            "hour": " 17:00:00",
            "low": "0"
        },
        {
            "end": "0",
            "first": "60.55",
            "high": "0",
            "hour": " 18:00:00",
            "low": "0"
        },
        {
            "end": "0",
            "first": "60.42",
            "high": "0",
            "hour": " 19:00:00",
            "low": "0"
        }
    ],
    "10/21/2016": [
        {
            "end": "0",
            "first": "60.15",
            "high": "0",
            "hour": " 07:00:00",
            "low": "0"
        },
        {
            "end": "0",
            "first": "60.7",
            "high": "0",
            "hour": " 08:00:00",
            "low": "0"
        },
        {
            "end": "59.78",
            "first": "60.6",
            "high": "60.45",
            "hour": " 09:00:00",
            "low": "59.75"
        },
        {
            "end": "59.635",
            "first": "59.77",
            "high": "59.87",
            "hour": " 10:00:00",
            "low": "59.49"
        },
        {
            "end": "59.925",
            "first": "59.635",
            "high": "59.995",
            "hour": " 11:00:00",
            "low": "59.61"
        },
        {
            "end": "59.89",
            "first": "59.93",
            "high": "60.07",
            "hour": " 12:00:00",
            "low": "59.8"
        },
        {
            "end": "60.05",
            "first": "59.89",
            "high": "60.12",
            "hour": " 13:00:00",
            "low": "59.89"
        },
        {
            "end": "59.875",
            "first": "60.055",
            "high": "60.08",
            "hour": " 14:00:00",
            "low": "59.785"
        },
        {
            "end": "59.67",
            "first": "59.87",
            "high": "59.88",
            "hour": " 15:00:00",
            "low": "59.65"
        },
        {
            "end": "59.66",
            "first": "59.67",
            "high": "59.67",
            "hour": " 16:00:00",
            "low": "59.66"
        },
        {
            "end": "0",
            "first": "59.79",
            "high": "0",
            "hour": " 17:00:00",
            "low": "0"
        },
        {
            "end": "0",
            "first": "59.71",
            "high": "0",
            "hour": " 18:00:00",
            "low": "0"
        },
        {
            "end": "0",
            "first": "59.76",
            "high": "0",
            "hour": " 19:00:00",
            "low": "0"
        }
    ],
    "10/24/2016": [
        {
            "end": "0",
            "first": "59.91",
            "high": "0",
            "hour": " 07:00:00",
            "low": "0"
        },
        {
            "end": "0",
            "first": "59.76",
            "high": "0",
            "hour": " 08:00:00",
            "low": "0"
        },
        {
            "end": "60.41",
            "first": "59.77",
            "high": "60.5",
            "hour": " 09:00:00",
            "low": "59.94"
        },
        {
            "end": "60.48",
            "first": "60.42",
            "high": "60.59",
            "hour": " 10:00:00",
            "low": "60.35"
        },
        {
            "end": "60.48",
            "first": "60.475",
            "high": "60.69",
            "hour": " 11:00:00",
            "low": "60.46"
        },
        {
            "end": "60.52",
            "first": "60.48",
            "high": "60.525",
            "hour": " 12:00:00",
            "low": "60.38"
        },
        {
            "end": "60.85",
            "first": "60.515",
            "high": "60.86",
            "hour": " 13:00:00",
            "low": "60.5"
        },
        {
            "end": "60.85",
            "first": "60.86",
            "high": "60.875",
            "hour": " 14:00:00",
            "low": "60.715"
        },
        {
            "end": "60.99",
            "first": "60.85",
            "high": "61",
            "hour": " 15:00:00",
            "low": "60.775"
        },
        {
            "end": "61",
            "first": "60.99",
            "high": "61",
            "hour": " 16:00:00",
            "low": "60.99"
        },
        {
            "end": "0",
            "first": "60.98",
            "high": "0",
            "hour": " 17:00:00",
            "low": "0"
        },
        {
            "end": "0",
            "first": "60.94",
            "high": "0",
            "hour": " 18:00:00",
            "low": "0"
        },
        {
            "end": "0",
            "first": "60.98",
            "high": "0",
            "hour": " 19:00:00",
            "low": "0"
        }
    ],
    "10/25/2016": [
        {
            "end": "0",
            "first": "61",
            "high": "0",
            "hour": " 06:00:00",
            "low": "0"
        },
        {
            "end": "0",
            "first": "61",
            "high": "0",
            "hour": " 07:00:00",
            "low": "0"
        },
        {
            "end": "0",
            "first": "61",
            "high": "0",
            "hour": " 08:00:00",
            "low": "0"
        },
        {
            "end": "61.29",
            "first": "61.03",
            "high": "61.36",
            "hour": " 09:00:00",
            "low": "60.84"
        },
        {
            "end": "60.955",
            "first": "61.3",
            "high": "61.355",
            "hour": " 10:00:00",
            "low": "60.855"
        },
        {
            "end": "60.9",
            "first": "60.955",
            "high": "61.045",
            "hour": " 11:00:00",
            "low": "60.88"
        },
        {
            "end": "61.015",
            "first": "60.9",
            "high": "61.02",
            "hour": " 12:00:00",
            "low": "60.8"
        },
        {
            "end": "61.025",
            "first": "61.02",
            "high": "61.05",
            "hour": " 13:00:00",
            "low": "60.99"
        },
        {
            "end": "60.895",
            "first": "61.025",
            "high": "61.035",
            "hour": " 14:00:00",
            "low": "60.88"
        },
        {
            "end": "61.01",
            "first": "60.895",
            "high": "61.05",
            "hour": " 15:00:00",
            "low": "60.83"
        },
        {
            "end": "60.99",
            "first": "60.99",
            "high": "60.99",
            "hour": " 16:00:00",
            "low": "60.99"
        },
        {
            "end": "0",
            "first": "60.89",
            "high": "0",
            "hour": " 17:00:00",
            "low": "0"
        },
        {
            "end": "0",
            "first": "60.88",
            "high": "0",
            "hour": " 18:00:00",
            "low": "0"
        }
    ],
    "10/26/2016": [
        {
            "end": "0",
            "first": "60.7",
            "high": "0",
            "hour": " 06:00:00",
            "low": "0"
        },
        {
            "end": "0",
            "first": "60.7",
            "high": "0",
            "hour": " 07:00:00",
            "low": "0"
        },
        {
            "end": "60.58",
            "first": "60.77",
            "high": "61",
            "hour": " 09:00:00",
            "low": "60.47"
        },
        {
            "end": "61.11",
            "first": "60.585",
            "high": "61.12",
            "hour": " 10:00:00",
            "low": "60.55"
        },
        {
            "end": "60.905",
            "first": "61.11",
            "high": "61.2",
            "hour": " 11:00:00",
            "low": "60.9"
        },
        {
            "end": "60.875",
            "first": "60.9",
            "high": "60.975",
            "hour": " 12:00:00",
            "low": "60.85"
        },
        {
            "end": "60.7",
            "first": "60.875",
            "high": "60.92",
            "hour": " 13:00:00",
            "low": "60.66"
        },
        {
            "end": "60.7",
            "first": "60.71",
            "high": "60.76",
            "hour": " 14:00:00",
            "low": "60.61"
        },
        {
            "end": "60.63",
            "first": "60.7",
            "high": "60.765",
            "hour": " 15:00:00",
            "low": "60.58"
        },
        {
            "end": "60.63",
            "first": "60.63",
            "high": "60.63",
            "hour": " 16:00:00",
            "low": "60.63"
        },
        {
            "end": "0",
            "first": "60.6",
            "high": "0",
            "hour": " 17:00:00",
            "low": "0"
        },
        {
            "end": "0",
            "first": "60.6",
            "high": "0",
            "hour": " 18:00:00",
            "low": "0"
        },
        {
            "end": "0",
            "first": "60.61",
            "high": "0",
            "hour": " 19:00:00",
            "low": "0"
        }
    ],
    "10/27/2016": [
        {
            "end": "0",
            "first": "60.83",
            "high": "0",
            "hour": " 08:00:00",
            "low": "0"
        },
        {
            "end": "60.675",
            "first": "60.76",
            "high": "60.83",
            "hour": " 09:00:00",
            "low": "60.5"
        },
        {
            "end": "60.585",
            "first": "60.68",
            "high": "60.755",
            "hour": " 10:00:00",
            "low": "60.55"
        },
        {
            "end": "60.675",
            "first": "60.59",
            "high": "60.695",
            "hour": " 11:00:00",
            "low": "60.505"
        },
        {
            "end": "60.515",
            "first": "60.67",
            "high": "60.695",
            "hour": " 12:00:00",
            "low": "60.48"
        },
        {
            "end": "60.535",
            "first": "60.52",
            "high": "60.57",
            "hour": " 13:00:00",
            "low": "60.455"
        },
        {
            "end": "60.495",
            "first": "60.535",
            "high": "60.56",
            "hour": " 14:00:00",
            "low": "60.44"
        },
        {
            "end": "60.11",
            "first": "60.5",
            "high": "60.525",
            "hour": " 15:00:00",
            "low": "60.09"
        },
        {
            "end": "60.1",
            "first": "60.1",
            "high": "60.1",
            "hour": " 16:00:00",
            "low": "60.1"
        },
        {
            "end": "0",
            "first": "60.2",
            "high": "0",
            "hour": " 17:00:00",
            "low": "0"
        },
        {
            "end": "0",
            "first": "60.17",
            "high": "0",
            "hour": " 19:00:00",
            "low": "0"
        }
    ],
    "10/28/2016": [
        {
            "end": "0",
            "first": "60.01",
            "high": "0",
            "hour": " 06:00:00",
            "low": "0"
        },
        {
            "end": "0",
            "first": "60.21",
            "high": "0",
            "hour": " 08:00:00",
            "low": "0"
        },
        {
            "end": "60.34",
            "first": "60.14",
            "high": "60.46",
            "hour": " 09:00:00",
            "low": "60.01"
        },
        {
            "end": "60.4",
            "first": "60.33",
            "high": "60.46",
            "hour": " 10:00:00",
            "low": "60.1"
        },
        {
            "end": "60.375",
            "first": "60.395",
            "high": "60.515",
            "hour": " 11:00:00",
            "low": "60.37"
        },
        {
            "end": "60.3",
            "first": "60.38",
            "high": "60.43",
            "hour": " 12:00:00",
            "low": "60.27"
        },
        {
            "end": "59.7",
            "first": "60.31",
            "high": "60.325",
            "hour": " 13:00:00",
            "low": "59.68"
        },
        {
            "end": "60.05",
            "first": "59.7",
            "high": "60.065",
            "hour": " 14:00:00",
            "low": "59.59"
        },
        {
            "end": "59.87",
            "first": "60.05",
            "high": "60.165",
            "hour": " 15:00:00",
            "low": "59.82"
        },
        {
            "end": "59.87",
            "first": "59.88",
            "high": "59.88",
            "hour": " 16:00:00",
            "low": "59.87"
        },
        {
            "end": "0",
            "first": "59.96",
            "high": "0",
            "hour": " 17:00:00",
            "low": "0"
        },
        {
            "end": "0",
            "first": "59.91",
            "high": "0",
            "hour": " 18:00:00",
            "low": "0"
        },
        {
            "end": "0",
            "first": "59.95",
            "high": "0",
            "hour": " 19:00:00",
            "low": "0"
        }
    ],
    "11/01/2016": [
        {
            "end": "0",
            "first": "60.08",
            "high": "0",
            "hour": " 07:00:00",
            "low": "0"
        },
        {
            "end": "0",
            "first": "60.04",
            "high": "0",
            "hour": " 08:00:00",
            "low": "0"
        },
        {
            "end": "59.925",
            "first": "60.15",
            "high": "60.03",
            "hour": " 09:00:00",
            "low": "59.89"
        },
        {
            "end": "59.985",
            "first": "59.93",
            "high": "59.99",
            "hour": " 10:00:00",
            "low": "59.815"
        },
        {
            "end": "59.88",
            "first": "59.985",
            "high": "60.01",
            "hour": " 11:00:00",
            "low": "59.85"
        },
        {
            "end": "59.73",
            "first": "59.88",
            "high": "59.89",
            "hour": " 12:00:00",
            "low": "59.655"
        },
        {
            "end": "59.47",
            "first": "59.73",
            "high": "59.785",
            "hour": " 13:00:00",
            "low": "59.42"
        },
        {
            "end": "59.54",
            "first": "59.47",
            "high": "59.64",
            "hour": " 14:00:00",
            "low": "59.26"
        },
        {
            "end": "59.8",
            "first": "59.53",
            "high": "59.89",
            "hour": " 15:00:00",
            "low": "59.48"
        },
        {
            "end": "59.8",
            "first": "59.8",
            "high": "59.8",
            "hour": " 16:00:00",
            "low": "59.8"
        },
        {
            "end": "0",
            "first": "59.75",
            "high": "0",
            "hour": " 17:00:00",
            "low": "0"
        },
        {
            "end": "0",
            "first": "59.8",
            "high": "0",
            "hour": " 18:00:00",
            "low": "0"
        },
        {
            "end": "0",
            "first": "59.8",
            "high": "0",
            "hour": " 19:00:00",
            "low": "0"
        }
    ],
    "11/02/2016": [
        {
            "end": "0",
            "first": "59.7",
            "high": "0",
            "hour": " 07:00:00",
            "low": "0"
        },
        {
            "end": "0",
            "first": "59.76",
            "high": "0",
            "hour": " 08:00:00",
            "low": "0"
        },
        {
            "end": "59.78",
            "first": "59.65",
            "high": "59.93",
            "hour": " 09:00:00",
            "low": "59.64"
        },
        {
            "end": "59.55",
            "first": "59.78",
            "high": "59.82",
            "hour": " 10:00:00",
            "low": "59.52"
        },
        {
            "end": "59.71",
            "first": "59.545",
            "high": "59.785",
            "hour": " 11:00:00",
            "low": "59.545"
        },
        {
            "end": "59.6",
            "first": "59.71",
            "high": "59.81",
            "hour": " 12:00:00",
            "low": "59.6"
        },
        {
            "end": "59.525",
            "first": "59.61",
            "high": "59.62",
            "hour": " 13:00:00",
            "low": "59.315"
        },
        {
            "end": "59.55",
            "first": "59.53",
            "high": "59.765",
            "hour": " 14:00:00",
            "low": "59.3"
        },
        {
            "end": "59.43",
            "first": "59.55",
            "high": "59.69",
            "hour": " 15:00:00",
            "low": "59.42"
        },
        {
            "end": "59.43",
            "first": "59.43",
            "high": "59.43",
            "hour": " 16:00:00",
            "low": "59.43"
        },
        {
            "end": "0",
            "first": "59.22",
            "high": "0",
            "hour": " 17:00:00",
            "low": "0"
        },
        {
            "end": "0",
            "first": "59.24",
            "high": "0",
            "hour": " 18:00:00",
            "low": "0"
        },
        {
            "end": "0",
            "first": "59.15",
            "high": "0",
            "hour": " 19:00:00",
            "low": "0"
        }
    ],
    "11/03/2016": [
        {
            "end": "0",
            "first": "59.49",
            "high": "0",
            "hour": " 07:00:00",
            "low": "0"
        },
        {
            "end": "0",
            "first": "59.43",
            "high": "0",
            "hour": " 08:00:00",
            "low": "0"
        },
        {
            "end": "59.37",
            "first": "59.53",
            "high": "59.62",
            "hour": " 09:00:00",
            "low": "59.36"
        },
        {
            "end": "59.34",
            "first": "59.36",
            "high": "59.4",
            "hour": " 10:00:00",
            "low": "59.24"
        },
        {
            "end": "59.35",
            "first": "59.335",
            "high": "59.36",
            "hour": " 11:00:00",
            "low": "59.245"
        },
        {
            "end": "59.22",
            "first": "59.34",
            "high": "59.34",
            "hour": " 12:00:00",
            "low": "59.13"
        },
        {
            "end": "59.145",
            "first": "59.22",
            "high": "59.28",
            "hour": " 13:00:00",
            "low": "59.12"
        },
        {
            "end": "59.26",
            "first": "59.15",
            "high": "59.275",
            "hour": " 14:00:00",
            "low": "59.11"
        },
        {
            "end": "59.2",
            "first": "59.26",
            "high": "59.27",
            "hour": " 15:00:00",
            "low": "59.12"
        },
        {
            "end": "59.21",
            "first": "59.21",
            "high": "59.21",
            "hour": " 16:00:00",
            "low": "59.21"
        },
        {
            "end": "0",
            "first": "59.15",
            "high": "0",
            "hour": " 17:00:00",
            "low": "0"
        },
        {
            "end": "0",
            "first": "59.25",
            "high": "0",
            "hour": " 19:00:00",
            "low": "0"
        }
    ],
    "11/04/2016": [
        {
            "end": "58.67",
            "first": "59.16",
            "high": "58.99",
            "hour": " 09:00:00",
            "low": "58.55"
        },
        {
            "end": "59.16",
            "first": "58.67",
            "high": "59.23",
            "hour": " 10:00:00",
            "low": "58.67"
        },
        {
            "end": "59.1",
            "first": "59.16",
            "high": "59.28",
            "hour": " 11:00:00",
            "low": "59.06"
        },
        {
            "end": "59.15",
            "first": "59.1",
            "high": "59.215",
            "hour": " 12:00:00",
            "low": "59.1"
        },
        {
            "end": "59.1",
            "first": "59.15",
            "high": "59.2",
            "hour": " 13:00:00",
            "low": "59.04"
        },
        {
            "end": "59.025",
            "first": "59.095",
            "high": "59.19",
            "hour": " 14:00:00",
            "low": "58.995"
        },
        {
            "end": "58.71",
            "first": "59.025",
            "high": "59.04",
            "hour": " 15:00:00",
            "low": "58.71"
        },
        {
            "end": "58.71",
            "first": "58.71",
            "high": "58.71",
            "hour": " 16:00:00",
            "low": "58.71"
        },
        {
            "end": "0",
            "first": "58.73",
            "high": "0",
            "hour": " 17:00:00",
            "low": "0"
        },
        {
            "end": "0",
            "first": "58.7",
            "high": "0",
            "hour": " 18:00:00",
            "low": "0"
        },
        {
            "end": "0",
            "first": "58.7",
            "high": "0",
            "hour": " 19:00:00",
            "low": "0"
        }
    ],
    "11/07/2016": [
        {
            "end": "0",
            "first": "59.64",
            "high": "0",
            "hour": " 07:00:00",
            "low": "0"
        },
        {
            "end": "0",
            "first": "59.52",
            "high": "0",
            "hour": " 08:00:00",
            "low": "0"
        },
        {
            "end": "60.14",
            "first": "59.53",
            "high": "60.3",
            "hour": " 09:00:00",
            "low": "59.78"
        },
        {
            "end": "60.395",
            "first": "60.135",
            "high": "60.395",
            "hour": " 10:00:00",
            "low": "60.11"
        },
        {
            "end": "60.48",
            "first": "60.39",
            "high": "60.48",
            "hour": " 11:00:00",
            "low": "60.35"
        },
        {
            "end": "60.465",
            "first": "60.48",
            "high": "60.515",
            "hour": " 12:00:00",
            "low": "60.415"
        },
        {
            "end": "60.48",
            "first": "60.465",
            "high": "60.495",
            "hour": " 13:00:00",
            "low": "60.42"
        },
        {
            "end": "60.34",
            "first": "60.48",
            "high": "60.485",
            "hour": " 14:00:00",
            "low": "60.29"
        },
        {
            "end": "60.42",
            "first": "60.345",
            "high": "60.48",
            "hour": " 15:00:00",
            "low": "60.295"
        },
        {
            "end": "60.42",
            "first": "60.42",
            "high": "60.42",
            "hour": " 16:00:00",
            "low": "60.42"
        },
        {
            "end": "0",
            "first": "60.54",
            "high": "0",
            "hour": " 17:00:00",
            "low": "0"
        },
        {
            "end": "0",
            "first": "60.48",
            "high": "0",
            "hour": " 18:00:00",
            "low": "0"
        },
        {
            "end": "0",
            "first": "60.47",
            "high": "0",
            "hour": " 19:00:00",
            "low": "0"
        }
    ],
    "11/08/2016": [
        {
            "end": "0",
            "first": "60.49",
            "high": "0",
            "hour": " 08:00:00",
            "low": "0"
        },
        {
            "end": "60.225",
            "first": "60.41",
            "high": "60.46",
            "hour": " 09:00:00",
            "low": "60.2"
        },
        {
            "end": "60.35",
            "first": "60.22",
            "high": "60.42",
            "hour": " 10:00:00",
            "low": "60.16"
        },
        {
            "end": "60.48",
            "first": "60.355",
            "high": "60.6",
            "hour": " 11:00:00",
            "low": "60.325"
        },
        {
            "end": "60.755",
            "first": "60.485",
            "high": "60.77",
            "hour": " 12:00:00",
            "low": "60.48"
        },
        {
            "end": "60.505",
            "first": "60.76",
            "high": "60.78",
            "hour": " 13:00:00",
            "low": "60.475"
        },
        {
            "end": "60.435",
            "first": "60.51",
            "high": "60.52",
            "hour": " 14:00:00",
            "low": "60.31"
        },
        {
            "end": "60.47",
            "first": "60.43",
            "high": "60.565",
            "hour": " 15:00:00",
            "low": "60.37"
        },
        {
            "end": "60.47",
            "first": "60.47",
            "high": "60.47",
            "hour": " 16:00:00",
            "low": "60.47"
        },
        {
            "end": "0",
            "first": "60.4",
            "high": "0",
            "hour": " 17:00:00",
            "low": "0"
        },
        {
            "end": "0",
            "first": "60.47",
            "high": "0",
            "hour": " 18:00:00",
            "low": "0"
        },
        {
            "end": "0",
            "first": "60.47",
            "high": "0",
            "hour": " 19:00:00",
            "low": "0"
        }
    ],
    "11/09/2016": [
        {
            "end": "0",
            "first": "59.29",
            "high": "0",
            "hour": " 07:00:00",
            "low": "0"
        },
        {
            "end": "0",
            "first": "60.03",
            "high": "0",
            "hour": " 08:00:00",
            "low": "0"
        },
        {
            "end": "60.06",
            "first": "59.63",
            "high": "60.59",
            "hour": " 09:00:00",
            "low": "59.2"
        },
        {
            "end": "59.81",
            "first": "60.07",
            "high": "60.11",
            "hour": " 10:00:00",
            "low": "59.52"
        },
        {
            "end": "60.29",
            "first": "59.805",
            "high": "60.44",
            "hour": " 11:00:00",
            "low": "59.7"
        },
        {
            "end": "60.485",
            "first": "60.3",
            "high": "60.505",
            "hour": " 12:00:00",
            "low": "60.12"
        },
        {
            "end": "59.825",
            "first": "60.485",
            "high": "60.495",
            "hour": " 13:00:00",
            "low": "59.805"
        },
        {
            "end": "59.8",
            "first": "59.83",
            "high": "60.08",
            "hour": " 14:00:00",
            "low": "59.765"
        },
        {
            "end": "60.17",
            "first": "59.795",
            "high": "60.18",
            "hour": " 15:00:00",
            "low": "59.795"
        },
        {
            "end": "60.17",
            "first": "60.17",
            "high": "60.17",
            "hour": " 16:00:00",
            "low": "60.17"
        },
        {
            "end": "0",
            "first": "60.13",
            "high": "0",
            "hour": " 17:00:00",
            "low": "0"
        },
        {
            "end": "0",
            "first": "60.15",
            "high": "0",
            "hour": " 18:00:00",
            "low": "0"
        },
        {
            "end": "0",
            "first": "60.15",
            "high": "0",
            "hour": " 19:00:00",
            "low": "0"
        }
    ],
    "11/10/2016": [
        {
            "end": "0",
            "first": "60.4",
            "high": "0",
            "hour": " 08:00:00",
            "low": "0"
        },
        {
            "end": "59.67",
            "first": "60.4",
            "high": "60.49",
            "hour": " 09:00:00",
            "low": "59.665"
        },
        {
            "end": "57.93",
            "first": "59.665",
            "high": "59.8",
            "hour": " 10:00:00",
            "low": "57.64"
        },
        {
            "end": "58.34",
            "first": "57.92",
            "high": "58.7",
            "hour": " 11:00:00",
            "low": "57.9"
        },
        {
            "end": "58.76",
            "first": "58.33",
            "high": "58.77",
            "hour": " 12:00:00",
            "low": "58.21"
        },
        {
            "end": "59.12",
            "first": "58.765",
            "high": "59.18",
            "hour": " 13:00:00",
            "low": "58.68"
        },
        {
            "end": "59.35",
            "first": "59.125",
            "high": "59.37",
            "hour": " 14:00:00",
            "low": "59.025"
        },
        {
            "end": "58.71",
            "first": "59.36",
            "high": "59.375",
            "hour": " 15:00:00",
            "low": "58.62"
        },
        {
            "end": "58.7",
            "first": "58.7",
            "high": "58.7",
            "hour": " 16:00:00",
            "low": "58.7"
        },
        {
            "end": "0",
            "first": "58.75",
            "high": "0",
            "hour": " 17:00:00",
            "low": "0"
        }
    ],
    "11/11/2016": [
        {
            "end": "0",
            "first": "58.16",
            "high": "0",
            "hour": " 07:00:00",
            "low": "0"
        },
        {
            "end": "0",
            "first": "58.44",
            "high": "0",
            "hour": " 08:00:00",
            "low": "0"
        },
        {
            "end": "58.055",
            "first": "58.36",
            "high": "58.61",
            "hour": " 09:00:00",
            "low": "58.055"
        },
        {
            "end": "58.88",
            "first": "58.06",
            "high": "59.11",
            "hour": " 10:00:00",
            "low": "58.01"
        },
        {
            "end": "58.79",
            "first": "58.87",
            "high": "58.87",
            "hour": " 11:00:00",
            "low": "58.5"
        },
        {
            "end": "58.825",
            "first": "58.78",
            "high": "59.06",
            "hour": " 12:00:00",
            "low": "58.76"
        },
        {
            "end": "58.74",
            "first": "58.83",
            "high": "59",
            "hour": " 13:00:00",
            "low": "58.725"
        },
        {
            "end": "58.78",
            "first": "58.735",
            "high": "58.88",
            "hour": " 14:00:00",
            "low": "58.64"
        },
        {
            "end": "59.02",
            "first": "58.78",
            "high": "59.095",
            "hour": " 15:00:00",
            "low": "58.775"
        },
        {
            "end": "59.02",
            "first": "59.02",
            "high": "59.02",
            "hour": " 16:00:00",
            "low": "59.02"
        },
        {
            "end": "0",
            "first": "59.02",
            "high": "0",
            "hour": " 18:00:00",
            "low": "0"
        }
    ]
}