{
    "09/01/2016": [
        {
            "end": "102.55",
            "first": "102.2",
            "high": "102.84",
            "hour": " 09:00:00",
            "low": "102"
        },
        {
            "end": "102.03",
            "first": "102.53",
            "high": "102.6",
            "hour": " 10:00:00",
            "low": "101.93"
        },
        {
            "end": "102.46",
            "first": "102.03",
            "high": "102.52",
            "hour": " 11:00:00",
            "low": "101.81"
        },
        {
            "end": "102.42",
            "first": "102.43",
            "high": "102.63",
            "hour": " 12:00:00",
            "low": "102.29"
        },
        {
            "end": "102.85",
            "first": "102.43",
            "high": "102.88",
            "hour": " 13:00:00",
            "low": "102.43"
        },
        {
            "end": "102.87",
            "first": "102.85",
            "high": "102.91",
            "hour": " 14:00:00",
            "low": "102.65"
        },
        {
            "end": "102.9",
            "first": "102.88",
            "high": "102.965",
            "hour": " 15:00:00",
            "low": "102.58"
        },
        {
            "end": "102.9",
            "first": "102.9",
            "high": "102.9",
            "hour": " 16:00:00",
            "low": "102.9"
        },
        {
            "end": "0",
            "first": "102.9",
            "high": "0",
            "hour": " 19:00:00",
            "low": "0"
        }
    ],
    "09/02/2016": [
        {
            "end": "103.85",
            "first": "103",
            "high": "104.07",
            "hour": " 09:00:00",
            "low": "103.41"
        },
        {
            "end": "103.89",
            "first": "103.88",
            "high": "104.15",
            "hour": " 10:00:00",
            "low": "103.76"
        },
        {
            "end": "103.61",
            "first": "103.91",
            "high": "104.02",
            "hour": " 11:00:00",
            "low": "103.61"
        },
        {
            "end": "103.48",
            "first": "103.62",
            "high": "103.7",
            "hour": " 12:00:00",
            "low": "103.33"
        },
        {
            "end": "103.045",
            "first": "103.52",
            "high": "103.53",
            "hour": " 13:00:00",
            "low": "102.95"
        },
        {
            "end": "103.37",
            "first": "103.05",
            "high": "103.44",
            "hour": " 14:00:00",
            "low": "103.01"
        },
        {
            "end": "103.57",
            "first": "103.38",
            "high": "103.69",
            "hour": " 15:00:00",
            "low": "103.38"
        },
        {
            "end": "103.57",
            "first": "103.57",
            "high": "103.57",
            "hour": " 16:00:00",
            "low": "103.57"
        }
    ],
    "09/06/2016": [
        {
            "end": "103.59",
            "first": "102.88",
            "high": "103.62",
            "hour": " 09:00:00",
            "low": "103.28"
        },
        {
            "end": "103.46",
            "first": "103.58",
            "high": "103.74",
            "hour": " 10:00:00",
            "low": "103.28"
        },
        {
            "end": "103.63",
            "first": "103.44",
            "high": "103.73",
            "hour": " 11:00:00",
            "low": "103.32"
        },
        {
            "end": "103.22",
            "first": "103.64",
            "high": "103.68",
            "hour": " 12:00:00",
            "low": "103.21"
        },
        {
            "end": "103.13",
            "first": "103.24",
            "high": "103.27",
            "hour": " 13:00:00",
            "low": "103.1"
        },
        {
            "end": "103.19",
            "first": "103.14",
            "high": "103.2",
            "hour": " 14:00:00",
            "low": "103.085"
        },
        {
            "end": "103.49",
            "first": "103.19",
            "high": "103.49",
            "hour": " 15:00:00",
            "low": "103.15"
        },
        {
            "end": "103.5",
            "first": "103.5",
            "high": "103.5",
            "hour": " 16:00:00",
            "low": "103.5"
        }
    ],
    "09/07/2016": [
        {
            "end": "103.34",
            "first": "103.6",
            "high": "103.51",
            "hour": " 09:00:00",
            "low": "103.15"
        },
        {
            "end": "103.09",
            "first": "103.34",
            "high": "103.46",
            "hour": " 10:00:00",
            "low": "103"
        },
        {
            "end": "102.87",
            "first": "103.08",
            "high": "103.08",
            "hour": " 11:00:00",
            "low": "102.59"
        },
        {
            "end": "102.88",
            "first": "102.87",
            "high": "102.95",
            "hour": " 12:00:00",
            "low": "102.6"
        },
        {
            "end": "102.805",
            "first": "102.9",
            "high": "103.03",
            "hour": " 13:00:00",
            "low": "102.77"
        },
        {
            "end": "102.88",
            "first": "102.815",
            "high": "103",
            "hour": " 14:00:00",
            "low": "102.76"
        },
        {
            "end": "103",
            "first": "102.89",
            "high": "103",
            "hour": " 15:00:00",
            "low": "102.865"
        },
        {
            "end": "103",
            "first": "103",
            "high": "103",
            "hour": " 16:00:00",
            "low": "103"
        }
    ],
    "09/08/2016": [
        {
            "end": "102.13",
            "first": "102.77",
            "high": "102.97",
            "hour": " 09:00:00",
            "low": "102.1"
        },
        {
            "end": "102.33",
            "first": "102.11",
            "high": "102.5",
            "hour": " 10:00:00",
            "low": "102.07"
        },
        {
            "end": "102.28",
            "first": "102.325",
            "high": "102.415",
            "hour": " 11:00:00",
            "low": "102.1"
        },
        {
            "end": "101.86",
            "first": "102.3",
            "high": "102.38",
            "hour": " 12:00:00",
            "low": "101.84"
        },
        {
            "end": "101.81",
            "first": "101.87",
            "high": "102",
            "hour": " 13:00:00",
            "low": "101.63"
        },
        {
            "end": "101.87",
            "first": "101.81",
            "high": "101.96",
            "hour": " 14:00:00",
            "low": "101.69"
        },
        {
            "end": "101.87",
            "first": "101.88",
            "high": "101.94",
            "hour": " 15:00:00",
            "low": "101.72"
        },
        {
            "end": "101.88",
            "first": "101.88",
            "high": "101.88",
            "hour": " 16:00:00",
            "low": "101.88"
        }
    ],
    "09/09/2016": [
        {
            "end": "101.03",
            "first": "100.97",
            "high": "101.19",
            "hour": " 09:00:00",
            "low": "100.55"
        },
        {
            "end": "100.99",
            "first": "101.02",
            "high": "101.22",
            "hour": " 10:00:00",
            "low": "100.65"
        },
        {
            "end": "100.96",
            "first": "100.98",
            "high": "101.27",
            "hour": " 11:00:00",
            "low": "100.89"
        },
        {
            "end": "100.42",
            "first": "100.97",
            "high": "101.05",
            "hour": " 12:00:00",
            "low": "100.33"
        },
        {
            "end": "99.87",
            "first": "100.42",
            "high": "100.44",
            "hour": " 13:00:00",
            "low": "99.82"
        },
        {
            "end": "100.14",
            "first": "99.9",
            "high": "100.21",
            "hour": " 14:00:00",
            "low": "99.64"
        },
        {
            "end": "99.39",
            "first": "100.13",
            "high": "100.13",
            "hour": " 15:00:00",
            "low": "99.38"
        },
        {
            "end": "99.38",
            "first": "99.38",
            "high": "99.38",
            "hour": " 16:00:00",
            "low": "99.38"
        },
        {
            "end": "0",
            "first": "98",
            "high": "0",
            "hour": " 19:00:00",
            "low": "0"
        }
    ],
    "09/12/2016": [
        {
            "end": "0",
            "first": "98.16",
            "high": "0",
            "hour": " 08:00:00",
            "low": "0"
        },
        {
            "end": "99.34",
            "first": "98.85",
            "high": "99.61",
            "hour": " 09:00:00",
            "low": "99"
        },
        {
            "end": "99.73",
            "first": "99.34",
            "high": "99.87",
            "hour": " 10:00:00",
            "low": "99.31"
        },
        {
            "end": "99.94",
            "first": "99.74",
            "high": "100.13",
            "hour": " 11:00:00",
            "low": "99.7"
        },
        {
            "end": "100.06",
            "first": "99.96",
            "high": "100.14",
            "hour": " 12:00:00",
            "low": "99.74"
        },
        {
            "end": "100.13",
            "first": "100.07",
            "high": "100.31",
            "hour": " 13:00:00",
            "low": "99.73"
        },
        {
            "end": "100.29",
            "first": "100.15",
            "high": "100.48",
            "hour": " 14:00:00",
            "low": "100.13"
        },
        {
            "end": "100.33",
            "first": "100.29",
            "high": "100.5",
            "hour": " 15:00:00",
            "low": "100.21"
        },
        {
            "end": "100.32",
            "first": "100.32",
            "high": "100.32",
            "hour": " 16:00:00",
            "low": "100.32"
        }
    ],
    "09/13/2016": [
        {
            "end": "98.59",
            "first": "99.63",
            "high": "99.82",
            "hour": " 09:00:00",
            "low": "98.45"
        },
        {
            "end": "98.26",
            "first": "98.56",
            "high": "98.73",
            "hour": " 10:00:00",
            "low": "98.21"
        },
        {
            "end": "98.03",
            "first": "98.26",
            "high": "98.3",
            "hour": " 11:00:00",
            "low": "97.87"
        },
        {
            "end": "98.52",
            "first": "98.05",
            "high": "99.19",
            "hour": " 12:00:00",
            "low": "98.02"
        },
        {
            "end": "98.72",
            "first": "98.52",
            "high": "99.04",
            "hour": " 13:00:00",
            "low": "98.3"
        },
        {
            "end": "98.58",
            "first": "98.64",
            "high": "98.87",
            "hour": " 14:00:00",
            "low": "98.51"
        },
        {
            "end": "98.78",
            "first": "98.59",
            "high": "99.05",
            "hour": " 15:00:00",
            "low": "98.38"
        },
        {
            "end": "98.77",
            "first": "98.77",
            "high": "98.77",
            "hour": " 16:00:00",
            "low": "98.77"
        }
    ],
    "09/14/2016": [
        {
            "end": "99.02",
            "first": "98.95",
            "high": "99.24",
            "hour": " 09:00:00",
            "low": "98.57"
        },
        {
            "end": "99.16",
            "first": "99.02",
            "high": "99.53",
            "hour": " 10:00:00",
            "low": "98.99"
        },
        {
            "end": "99.2",
            "first": "99.2",
            "high": "99.41",
            "hour": " 11:00:00",
            "low": "98.87"
        },
        {
            "end": "99.01",
            "first": "99.2",
            "high": "99.35",
            "hour": " 12:00:00",
            "low": "98.94"
        },
        {
            "end": "99.06",
            "first": "99.01",
            "high": "99.24",
            "hour": " 13:00:00",
            "low": "98.88"
        },
        {
            "end": "98.91",
            "first": "99.05",
            "high": "99.1",
            "hour": " 14:00:00",
            "low": "98.74"
        },
        {
            "end": "98.79",
            "first": "98.91",
            "high": "98.97",
            "hour": " 15:00:00",
            "low": "98.48"
        },
        {
            "end": "98.79",
            "first": "98.79",
            "high": "98.79",
            "hour": " 16:00:00",
            "low": "98.79"
        }
    ],
    "09/15/2016": [
        {
            "end": "0",
            "first": "98.56",
            "high": "0",
            "hour": " 08:00:00",
            "low": "0"
        },
        {
            "end": "98.74",
            "first": "98.56",
            "high": "99.01",
            "hour": " 09:00:00",
            "low": "98.49"
        },
        {
            "end": "99.12",
            "first": "98.73",
            "high": "99.3",
            "hour": " 10:00:00",
            "low": "98.53"
        },
        {
            "end": "99.41",
            "first": "99.15",
            "high": "99.56",
            "hour": " 11:00:00",
            "low": "99.09"
        },
        {
            "end": "99.24",
            "first": "99.42",
            "high": "99.61",
            "hour": " 12:00:00",
            "low": "99.17"
        },
        {
            "end": "99.71",
            "first": "99.25",
            "high": "99.73",
            "hour": " 13:00:00",
            "low": "99.23"
        },
        {
            "end": "99.79",
            "first": "99.71",
            "high": "99.94",
            "hour": " 14:00:00",
            "low": "99.655"
        },
        {
            "end": "99.62",
            "first": "99.8",
            "high": "100.03",
            "hour": " 15:00:00",
            "low": "99.59"
        },
        {
            "end": "99.62",
            "first": "99.62",
            "high": "99.62",
            "hour": " 16:00:00",
            "low": "99.62"
        }
    ],
    "09/16/2016": [
        {
            "end": "98.52",
            "first": "99.17",
            "high": "99.37",
            "hour": " 09:00:00",
            "low": "98.41"
        },
        {
            "end": "98.96",
            "first": "98.53",
            "high": "99.19",
            "hour": " 10:00:00",
            "low": "98.31"
        },
        {
            "end": "98.77",
            "first": "98.96",
            "high": "99.02",
            "hour": " 11:00:00",
            "low": "98.67"
        },
        {
            "end": "98.81",
            "first": "98.76",
            "high": "99.03",
            "hour": " 12:00:00",
            "low": "98.73"
        },
        {
            "end": "98.54",
            "first": "98.8",
            "high": "98.88",
            "hour": " 13:00:00",
            "low": "98.46"
        },
        {
            "end": "98.65",
            "first": "98.53",
            "high": "98.81",
            "hour": " 14:00:00",
            "low": "98.47"
        },
        {
            "end": "98.92",
            "first": "98.63",
            "high": "99.51",
            "hour": " 15:00:00",
            "low": "98.46"
        },
        {
            "end": "98.93",
            "first": "98.93",
            "high": "98.93",
            "hour": " 16:00:00",
            "low": "98.93"
        }
    ],
    "09/19/2016": [
        {
            "end": "99.96",
            "first": "99.25",
            "high": "99.96",
            "hour": " 09:00:00",
            "low": "99.02"
        },
        {
            "end": "99.55",
            "first": "99.93",
            "high": "100.22",
            "hour": " 10:00:00",
            "low": "99.45"
        },
        {
            "end": "99.85",
            "first": "99.59",
            "high": "99.86",
            "hour": " 11:00:00",
            "low": "99.49"
        },
        {
            "end": "99.5",
            "first": "99.83",
            "high": "99.84",
            "hour": " 12:00:00",
            "low": "99.3"
        },
        {
            "end": "99.45",
            "first": "99.48",
            "high": "99.69",
            "hour": " 13:00:00",
            "low": "99.1"
        },
        {
            "end": "99.97",
            "first": "99.44",
            "high": "100",
            "hour": " 14:00:00",
            "low": "99.4"
        },
        {
            "end": "99.67",
            "first": "99.98",
            "high": "100",
            "hour": " 15:00:00",
            "low": "99.61"
        },
        {
            "end": "99.68",
            "first": "99.68",
            "high": "99.68",
            "hour": " 16:00:00",
            "low": "99.68"
        }
    ],
    "09/20/2016": [
        {
            "end": "100.83",
            "first": "100.22",
            "high": "100.88",
            "hour": " 09:00:00",
            "low": "99.86"
        },
        {
            "end": "100.06",
            "first": "100.83",
            "high": "100.84",
            "hour": " 10:00:00",
            "low": "99.74"
        },
        {
            "end": "100.18",
            "first": "100.07",
            "high": "100.42",
            "hour": " 11:00:00",
            "low": "100"
        },
        {
            "end": "100.07",
            "first": "100.16",
            "high": "100.38",
            "hour": " 12:00:00",
            "low": "100.07"
        },
        {
            "end": "100.31",
            "first": "100.07",
            "high": "100.39",
            "hour": " 13:00:00",
            "low": "100.04"
        },
        {
            "end": "100.49",
            "first": "100.3",
            "high": "100.6",
            "hour": " 14:00:00",
            "low": "100.23"
        },
        {
            "end": "100.65",
            "first": "100.48",
            "high": "100.88",
            "hour": " 15:00:00",
            "low": "100.405"
        },
        {
            "end": "100.62",
            "first": "100.62",
            "high": "100.62",
            "hour": " 16:00:00",
            "low": "100.62"
        },
        {
            "end": "0",
            "first": "104.99",
            "high": "0",
            "hour": " 17:00:00",
            "low": "0"
        },
        {
            "end": "0",
            "first": "105.65",
            "high": "0",
            "hour": " 18:00:00",
            "low": "0"
        },
        {
            "end": "0",
            "first": "105.6",
            "high": "0",
            "hour": " 19:00:00",
            "low": "0"
        }
    ],
    "09/21/2016": [
        {
            "end": "0",
            "first": "105.5",
            "high": "0",
            "hour": " 07:00:00",
            "low": "0"
        },
        {
            "end": "0",
            "first": "106",
            "high": "0",
            "hour": " 08:00:00",
            "low": "0"
        },
        {
            "end": "107.32",
            "first": "106.39",
            "high": "108.18",
            "hour": " 09:00:00",
            "low": "105.8"
        },
        {
            "end": "107.09",
            "first": "107.34",
            "high": "108.15",
            "hour": " 10:00:00",
            "low": "107.06"
        },
        {
            "end": "107.23",
            "first": "107.12",
            "high": "107.35",
            "hour": " 11:00:00",
            "low": "106.69"
        },
        {
            "end": "107",
            "first": "107.19",
            "high": "107.59",
            "hour": " 12:00:00",
            "low": "106.84"
        },
        {
            "end": "106.83",
            "first": "107",
            "high": "107.19",
            "hour": " 13:00:00",
            "low": "106.83"
        },
        {
            "end": "107.05",
            "first": "106.8",
            "high": "107.24",
            "hour": " 14:00:00",
            "low": "106.44"
        },
        {
            "end": "107.78",
            "first": "107.05",
            "high": "108.21",
            "hour": " 15:00:00",
            "low": "106.94"
        },
        {
            "end": "107.78",
            "first": "107.78",
            "high": "107.78",
            "hour": " 16:00:00",
            "low": "107.78"
        },
        {
            "end": "0",
            "first": "107.66",
            "high": "0",
            "hour": " 17:00:00",
            "low": "0"
        }
    ],
    "09/22/2016": [
        {
            "end": "0",
            "first": "108.43",
            "high": "0",
            "hour": " 08:00:00",
            "low": "0"
        },
        {
            "end": "107.87",
            "first": "108.09",
            "high": "108.3",
            "hour": " 09:00:00",
            "low": "107.03"
        },
        {
            "end": "107.12",
            "first": "107.9",
            "high": "107.91",
            "hour": " 10:00:00",
            "low": "107.09"
        },
        {
            "end": "107.65",
            "first": "107.12",
            "high": "107.66",
            "hour": " 11:00:00",
            "low": "107.12"
        },
        {
            "end": "108.07",
            "first": "107.67",
            "high": "108.17",
            "hour": " 12:00:00",
            "low": "107.67"
        },
        {
            "end": "107.96",
            "first": "108.06",
            "high": "108.16",
            "hour": " 13:00:00",
            "low": "107.84"
        },
        {
            "end": "108.16",
            "first": "107.95",
            "high": "108.21",
            "hour": " 14:00:00",
            "low": "107.66"
        },
        {
            "end": "107.92",
            "first": "108.14",
            "high": "108.2",
            "hour": " 15:00:00",
            "low": "107.88"
        },
        {
            "end": "107.92",
            "first": "107.92",
            "high": "107.92",
            "hour": " 16:00:00",
            "low": "107.92"
        }
    ],
    "09/23/2016": [
        {
            "end": "106.98",
            "first": "107.93",
            "high": "107.99",
            "hour": " 09:00:00",
            "low": "106.8"
        },
        {
            "end": "107.16",
            "first": "106.96",
            "high": "107.42",
            "hour": " 10:00:00",
            "low": "106.9"
        },
        {
            "end": "107.12",
            "first": "107.17",
            "high": "107.29",
            "hour": " 11:00:00",
            "low": "106.99"
        },
        {
            "end": "107.52",
            "first": "107.11",
            "high": "107.52",
            "hour": " 12:00:00",
            "low": "107.01"
        },
        {
            "end": "107.58",
            "first": "107.52",
            "high": "107.65",
            "hour": " 13:00:00",
            "low": "107.44"
        },
        {
            "end": "107.82",
            "first": "107.58",
            "high": "107.83",
            "hour": " 14:00:00",
            "low": "107.53"
        },
        {
            "end": "107.48",
            "first": "107.82",
            "high": "107.96",
            "hour": " 15:00:00",
            "low": "107.47"
        },
        {
            "end": "107.47",
            "first": "107.47",
            "high": "107.47",
            "hour": " 16:00:00",
            "low": "107.47"
        }
    ],
    "09/26/2016": [
        {
            "end": "106.91",
            "first": "107.9",
            "high": "107.16",
            "hour": " 09:00:00",
            "low": "106.62"
        },
        {
            "end": "107.26",
            "first": "106.9",
            "high": "107.57",
            "hour": " 10:00:00",
            "low": "106.8"
        },
        {
            "end": "107.18",
            "first": "107.27",
            "high": "107.3",
            "hour": " 11:00:00",
            "low": "106.87"
        },
        {
            "end": "107.36",
            "first": "107.18",
            "high": "107.53",
            "hour": " 12:00:00",
            "low": "107.13"
        },
        {
            "end": "107.23",
            "first": "107.35",
            "high": "107.41",
            "hour": " 13:00:00",
            "low": "106.94"
        },
        {
            "end": "107.31",
            "first": "107.22",
            "high": "107.4",
            "hour": " 14:00:00",
            "low": "107.14"
        },
        {
            "end": "107.26",
            "first": "107.3",
            "high": "107.55",
            "hour": " 15:00:00",
            "low": "107.2"
        },
        {
            "end": "107.26",
            "first": "107.26",
            "high": "107.26",
            "hour": " 16:00:00",
            "low": "107.26"
        }
    ],
    "09/27/2016": [
        {
            "end": "107.82",
            "first": "106.99",
            "high": "107.84",
            "hour": " 09:00:00",
            "low": "106.82"
        },
        {
            "end": "108.34",
            "first": "107.79",
            "high": "108.43",
            "hour": " 10:00:00",
            "low": "107.79"
        },
        {
            "end": "109.03",
            "first": "108.33",
            "high": "109.14",
            "hour": " 11:00:00",
            "low": "108.31"
        },
        {
            "end": "109.2",
            "first": "109.03",
            "high": "109.325",
            "hour": " 12:00:00",
            "low": "108.74"
        },
        {
            "end": "109.62",
            "first": "109.19",
            "high": "109.66",
            "hour": " 13:00:00",
            "low": "109.12"
        },
        {
            "end": "109.54",
            "first": "109.63",
            "high": "109.72",
            "hour": " 14:00:00",
            "low": "109.42"
        },
        {
            "end": "109.71",
            "first": "109.54",
            "high": "109.76",
            "hour": " 15:00:00",
            "low": "109.41"
        },
        {
            "end": "109.7",
            "first": "109.7",
            "high": "109.7",
            "hour": " 16:00:00",
            "low": "109.7"
        }
    ],
    "09/28/2016": [
        {
            "end": "0",
            "first": "110",
            "high": "0",
            "hour": " 08:00:00",
            "low": "0"
        },
        {
            "end": "109.33",
            "first": "109.48",
            "high": "109.7",
            "hour": " 09:00:00",
            "low": "108.82"
        },
        {
            "end": "109.15",
            "first": "109.33",
            "high": "109.52",
            "hour": " 10:00:00",
            "low": "108.98"
        },
        {
            "end": "109.35",
            "first": "109.14",
            "high": "109.49",
            "hour": " 11:00:00",
            "low": "108.87"
        },
        {
            "end": "109.14",
            "first": "109.35",
            "high": "109.36",
            "hour": " 12:00:00",
            "low": "108.99"
        },
        {
            "end": "109.33",
            "first": "109.14",
            "high": "109.54",
            "hour": " 13:00:00",
            "low": "109.08"
        },
        {
            "end": "109.16",
            "first": "109.32",
            "high": "109.37",
            "hour": " 14:00:00",
            "low": "109.01"
        },
        {
            "end": "109.48",
            "first": "109.16",
            "high": "109.57",
            "hour": " 15:00:00",
            "low": "109.06"
        },
        {
            "end": "109.49",
            "first": "109.49",
            "high": "109.49",
            "hour": " 16:00:00",
            "low": "109.49"
        }
    ],
    "09/29/2016": [
        {
            "end": "108.92",
            "first": "109.5",
            "high": "109.6",
            "hour": " 09:00:00",
            "low": "108.82"
        },
        {
            "end": "108.73",
            "first": "108.95",
            "high": "109.15",
            "hour": " 10:00:00",
            "low": "108.64"
        },
        {
            "end": "108.52",
            "first": "108.73",
            "high": "108.77",
            "hour": " 11:00:00",
            "low": "108.41"
        },
        {
            "end": "107.87",
            "first": "108.53",
            "high": "108.83",
            "hour": " 12:00:00",
            "low": "107.76"
        },
        {
            "end": "107.87",
            "first": "107.88",
            "high": "108.11",
            "hour": " 13:00:00",
            "low": "107.575"
        },
        {
            "end": "108.24",
            "first": "107.86",
            "high": "108.44",
            "hour": " 14:00:00",
            "low": "107.725"
        },
        {
            "end": "107.8",
            "first": "108.23",
            "high": "108.29",
            "hour": " 15:00:00",
            "low": "107.78"
        },
        {
            "end": "107.8",
            "first": "107.8",
            "high": "107.8",
            "hour": " 16:00:00",
            "low": "107.8"
        }
    ],
    "09/30/2016": [
        {
            "end": "107.57",
            "first": "108.15",
            "high": "108.39",
            "hour": " 09:00:00",
            "low": "107.57"
        },
        {
            "end": "107.98",
            "first": "107.58",
            "high": "108",
            "hour": " 10:00:00",
            "low": "107.45"
        },
        {
            "end": "107.94",
            "first": "107.97",
            "high": "108.28",
            "hour": " 11:00:00",
            "low": "107.94"
        },
        {
            "end": "108.27",
            "first": "107.94",
            "high": "108.36",
            "hour": " 12:00:00",
            "low": "107.92"
        },
        {
            "end": "108.29",
            "first": "108.26",
            "high": "108.45",
            "hour": " 13:00:00",
            "low": "108.17"
        },
        {
            "end": "108.63",
            "first": "108.29",
            "high": "108.65",
            "hour": " 14:00:00",
            "low": "108.29"
        },
        {
            "end": "108.54",
            "first": "108.62",
            "high": "108.84",
            "hour": " 15:00:00",
            "low": "108.52"
        },
        {
            "end": "108.54",
            "first": "108.53",
            "high": "108.54",
            "hour": " 16:00:00",
            "low": "108.53"
        }
    ],
    "10/03/2016": [
        {
            "end": "108.26",
            "first": "108.41",
            "high": "108.57",
            "hour": " 09:00:00",
            "low": "108.16"
        },
        {
            "end": "108.89",
            "first": "108.3",
            "high": "108.96",
            "hour": " 10:00:00",
            "low": "108.29"
        },
        {
            "end": "108.23",
            "first": "108.9",
            "high": "108.92",
            "hour": " 11:00:00",
            "low": "108.17"
        },
        {
            "end": "108.39",
            "first": "108.22",
            "high": "108.55",
            "hour": " 12:00:00",
            "low": "108.2"
        },
        {
            "end": "108.55",
            "first": "108.45",
            "high": "108.6",
            "hour": " 13:00:00",
            "low": "108.3"
        },
        {
            "end": "108.5",
            "first": "108.55",
            "high": "108.7",
            "hour": " 14:00:00",
            "low": "108.38"
        },
        {
            "end": "108.45",
            "first": "108.5",
            "high": "108.63",
            "hour": " 15:00:00",
            "low": "108.41"
        },
        {
            "end": "108.45",
            "first": "108.45",
            "high": "108.45",
            "hour": " 16:00:00",
            "low": "108.45"
        }
    ],
    "10/04/2016": [
        {
            "end": "108.71",
            "first": "108.52",
            "high": "108.93",
            "hour": " 09:00:00",
            "low": "108.47"
        },
        {
            "end": "108.49",
            "first": "108.72",
            "high": "108.75",
            "hour": " 10:00:00",
            "low": "108.06"
        },
        {
            "end": "108.26",
            "first": "108.51",
            "high": "108.64",
            "hour": " 11:00:00",
            "low": "108"
        },
        {
            "end": "108.19",
            "first": "108.27",
            "high": "108.51",
            "hour": " 12:00:00",
            "low": "108.15"
        },
        {
            "end": "108.1",
            "first": "108.18",
            "high": "108.26",
            "hour": " 13:00:00",
            "low": "107.84"
        },
        {
            "end": "108.06",
            "first": "108.11",
            "high": "108.37",
            "hour": " 14:00:00",
            "low": "108.06"
        },
        {
            "end": "108.38",
            "first": "108.03",
            "high": "108.48",
            "hour": " 15:00:00",
            "low": "108.03"
        },
        {
            "end": "108.39",
            "first": "108.39",
            "high": "108.39",
            "hour": " 16:00:00",
            "low": "108.39"
        }
    ],
    "10/05/2016": [
        {
            "end": "108.83",
            "first": "108.68",
            "high": "109.04",
            "hour": " 09:00:00",
            "low": "108.29"
        },
        {
            "end": "109.14",
            "first": "108.84",
            "high": "109.32",
            "hour": " 10:00:00",
            "low": "108.76"
        },
        {
            "end": "109",
            "first": "109.13",
            "high": "109.27",
            "hour": " 11:00:00",
            "low": "108.97"
        },
        {
            "end": "108.94",
            "first": "109.01",
            "high": "109.27",
            "hour": " 12:00:00",
            "low": "108.93"
        },
        {
            "end": "108.88",
            "first": "108.94",
            "high": "109.01",
            "hour": " 13:00:00",
            "low": "108.72"
        },
        {
            "end": "109.04",
            "first": "108.87",
            "high": "109.05",
            "hour": " 14:00:00",
            "low": "108.7"
        },
        {
            "end": "108.8",
            "first": "109.03",
            "high": "109.06",
            "hour": " 15:00:00",
            "low": "108.7"
        },
        {
            "end": "108.8",
            "first": "108.8",
            "high": "108.8",
            "hour": " 16:00:00",
            "low": "108.8"
        }
    ],
    "10/06/2016": [
        {
            "end": "0",
            "first": "108.68",
            "high": "0",
            "hour": " 08:00:00",
            "low": "0"
        },
        {
            "end": "108.24",
            "first": "108.51",
            "high": "109",
            "hour": " 09:00:00",
            "low": "108.14"
        },
        {
            "end": "108.57",
            "first": "108.23",
            "high": "108.85",
            "hour": " 10:00:00",
            "low": "108.2"
        },
        {
            "end": "108.48",
            "first": "108.56",
            "high": "108.65",
            "hour": " 11:00:00",
            "low": "108.15"
        },
        {
            "end": "108.64",
            "first": "108.48",
            "high": "108.75",
            "hour": " 12:00:00",
            "low": "108.48"
        },
        {
            "end": "108.48",
            "first": "108.64",
            "high": "108.7",
            "hour": " 13:00:00",
            "low": "108.43"
        },
        {
            "end": "108.43",
            "first": "108.48",
            "high": "108.6",
            "hour": " 14:00:00",
            "low": "108.35"
        },
        {
            "end": "108.57",
            "first": "108.43",
            "high": "108.7",
            "hour": " 15:00:00",
            "low": "108.43"
        },
        {
            "end": "108.56",
            "first": "108.56",
            "high": "108.56",
            "hour": " 16:00:00",
            "low": "108.56"
        }
    ],
    "10/07/2016": [
        {
            "end": "108.32",
            "first": "108.95",
            "high": "109.07",
            "hour": " 09:00:00",
            "low": "108.14"
        },
        {
            "end": "108.41",
            "first": "108.37",
            "high": "108.73",
            "hour": " 10:00:00",
            "low": "108.32"
        },
        {
            "end": "107.66",
            "first": "108.4",
            "high": "108.58",
            "hour": " 11:00:00",
            "low": "107.6"
        },
        {
            "end": "107.93",
            "first": "107.66",
            "high": "107.97",
            "hour": " 12:00:00",
            "low": "107.66"
        },
        {
            "end": "108.39",
            "first": "107.93",
            "high": "108.55",
            "hour": " 13:00:00",
            "low": "107.83"
        },
        {
            "end": "108.66",
            "first": "108.4",
            "high": "108.73",
            "hour": " 14:00:00",
            "low": "108.3"
        },
        {
            "end": "108.63",
            "first": "108.66",
            "high": "108.78",
            "hour": " 15:00:00",
            "low": "108.55"
        },
        {
            "end": "108.64",
            "first": "108.64",
            "high": "108.64",
            "hour": " 16:00:00",
            "low": "108.64"
        }
    ],
    "10/10/2016": [
        {
            "end": "110.04",
            "first": "109",
            "high": "110.13",
            "hour": " 09:00:00",
            "low": "109.15"
        },
        {
            "end": "109.56",
            "first": "110.05",
            "high": "110.06",
            "hour": " 10:00:00",
            "low": "109.5"
        },
        {
            "end": "109.5",
            "first": "109.56",
            "high": "109.6",
            "hour": " 11:00:00",
            "low": "109.35"
        },
        {
            "end": "109.35",
            "first": "109.51",
            "high": "109.53",
            "hour": " 12:00:00",
            "low": "109.21"
        },
        {
            "end": "109.28",
            "first": "109.34",
            "high": "109.53",
            "hour": " 13:00:00",
            "low": "109.23"
        },
        {
            "end": "109.42",
            "first": "109.28",
            "high": "109.5",
            "hour": " 14:00:00",
            "low": "109.25"
        },
        {
            "end": "109.23",
            "first": "109.41",
            "high": "109.44",
            "hour": " 15:00:00",
            "low": "109.19"
        },
        {
            "end": "109.24",
            "first": "109.24",
            "high": "109.24",
            "hour": " 16:00:00",
            "low": "109.24"
        },
        {
            "end": "0",
            "first": "109.25",
            "high": "0",
            "hour": " 17:00:00",
            "low": "0"
        }
    ],
    "10/11/2016": [
        {
            "end": "108.03",
            "first": "109",
            "high": "109.09",
            "hour": " 09:00:00",
            "low": "107.95"
        },
        {
            "end": "107.64",
            "first": "108.01",
            "high": "108.19",
            "hour": " 10:00:00",
            "low": "107.59"
        },
        {
            "end": "107.71",
            "first": "107.65",
            "high": "107.77",
            "hour": " 11:00:00",
            "low": "107.44"
        },
        {
            "end": "107.78",
            "first": "107.71",
            "high": "107.96",
            "hour": " 12:00:00",
            "low": "107.6"
        },
        {
            "end": "107.35",
            "first": "107.76",
            "high": "107.8",
            "hour": " 13:00:00",
            "low": "107.27"
        },
        {
            "end": "107.19",
            "first": "107.37",
            "high": "107.47",
            "hour": " 14:00:00",
            "low": "107.04"
        },
        {
            "end": "107.37",
            "first": "107.19",
            "high": "107.41",
            "hour": " 15:00:00",
            "low": "107.03"
        },
        {
            "end": "107.37",
            "first": "107.37",
            "high": "107.37",
            "hour": " 16:00:00",
            "low": "107.37"
        }
    ],
    "10/12/2016": [
        {
            "end": "107.61",
            "first": "107.43",
            "high": "107.85",
            "hour": " 09:00:00",
            "low": "106.92"
        },
        {
            "end": "107.84",
            "first": "107.57",
            "high": "108.13",
            "hour": " 10:00:00",
            "low": "107.55"
        },
        {
            "end": "107.79",
            "first": "107.85",
            "high": "108.06",
            "hour": " 11:00:00",
            "low": "107.78"
        },
        {
            "end": "108.02",
            "first": "107.78",
            "high": "108.19",
            "hour": " 12:00:00",
            "low": "107.78"
        },
        {
            "end": "108.21",
            "first": "108.02",
            "high": "108.23",
            "hour": " 13:00:00",
            "low": "107.97"
        },
        {
            "end": "108.13",
            "first": "108.21",
            "high": "108.3",
            "hour": " 14:00:00",
            "low": "108"
        },
        {
            "end": "108.05",
            "first": "108.12",
            "high": "108.26",
            "hour": " 15:00:00",
            "low": "107.94"
        },
        {
            "end": "108.05",
            "first": "108.05",
            "high": "108.05",
            "hour": " 16:00:00",
            "low": "108.05"
        }
    ],
    "10/13/2016": [
        {
            "end": "106.71",
            "first": "107.08",
            "high": "107.32",
            "hour": " 09:00:00",
            "low": "106.6"
        },
        {
            "end": "107.09",
            "first": "106.7",
            "high": "107.27",
            "hour": " 10:00:00",
            "low": "106.56"
        },
        {
            "end": "107.43",
            "first": "107.08",
            "high": "107.51",
            "hour": " 11:00:00",
            "low": "106.93"
        },
        {
            "end": "107.6",
            "first": "107.44",
            "high": "107.73",
            "hour": " 12:00:00",
            "low": "107.37"
        },
        {
            "end": "107.86",
            "first": "107.61",
            "high": "107.89",
            "hour": " 13:00:00",
            "low": "107.38"
        },
        {
            "end": "108.03",
            "first": "107.84",
            "high": "108.12",
            "hour": " 14:00:00",
            "low": "107.69"
        },
        {
            "end": "108.01",
            "first": "108.03",
            "high": "108.09",
            "hour": " 15:00:00",
            "low": "107.835"
        },
        {
            "end": "108.01",
            "first": "108.01",
            "high": "108.01",
            "hour": " 16:00:00",
            "low": "108.01"
        },
        {
            "end": "0",
            "first": "107.2",
            "high": "0",
            "hour": " 17:00:00",
            "low": "0"
        },
        {
            "end": "0",
            "first": "107.3",
            "high": "0",
            "hour": " 18:00:00",
            "low": "0"
        }
    ],
    "10/14/2016": [
        {
            "end": "108.81",
            "first": "108.3",
            "high": "109.1",
            "hour": " 09:00:00",
            "low": "108.19"
        },
        {
            "end": "108.99",
            "first": "108.79",
            "high": "109.07",
            "hour": " 10:00:00",
            "low": "108.72"
        },
        {
            "end": "108.37",
            "first": "108.99",
            "high": "109.02",
            "hour": " 11:00:00",
            "low": "108.37"
        },
        {
            "end": "108.07",
            "first": "108.35",
            "high": "108.44",
            "hour": " 12:00:00",
            "low": "108.06"
        },
        {
            "end": "108.5",
            "first": "108.07",
            "high": "108.7",
            "hour": " 13:00:00",
            "low": "107.93"
        },
        {
            "end": "107.92",
            "first": "108.49",
            "high": "108.49",
            "hour": " 14:00:00",
            "low": "107.88"
        },
        {
            "end": "107.83",
            "first": "107.93",
            "high": "108.2",
            "hour": " 15:00:00",
            "low": "107.83"
        },
        {
            "end": "107.84",
            "first": "107.84",
            "high": "107.84",
            "hour": " 16:00:00",
            "low": "107.84"
        }
    ],
    "10/17/2016": [
        {
            "end": "107.53",
            "first": "108.11",
            "high": "108.13",
            "hour": " 09:00:00",
            "low": "107.5"
        },
        {
            "end": "107.81",
            "first": "107.53",
            "high": "108.1",
            "hour": " 10:00:00",
            "low": "107.52"
        },
        {
            "end": "107.93",
            "first": "107.83",
            "high": "108.02",
            "hour": " 11:00:00",
            "low": "107.72"
        },
        {
            "end": "107.77",
            "first": "107.95",
            "high": "108.02",
            "hour": " 12:00:00",
            "low": "107.76"
        },
        {
            "end": "107.48",
            "first": "107.78",
            "high": "107.87",
            "hour": " 13:00:00",
            "low": "107.47"
        },
        {
            "end": "107.63",
            "first": "107.52",
            "high": "107.71",
            "hour": " 14:00:00",
            "low": "107.46"
        },
        {
            "end": "107.49",
            "first": "107.63",
            "high": "107.66",
            "hour": " 15:00:00",
            "low": "107.39"
        },
        {
            "end": "107.49",
            "first": "107.49",
            "high": "107.49",
            "hour": " 16:00:00",
            "low": "107.49"
        }
    ],
    "10/18/2016": [
        {
            "end": "0",
            "first": "108.09",
            "high": "0",
            "hour": " 08:00:00",
            "low": "0"
        },
        {
            "end": "108.16",
            "first": "108.45",
            "high": "108.81",
            "hour": " 09:00:00",
            "low": "108.02"
        },
        {
            "end": "108.15",
            "first": "108.16",
            "high": "108.39",
            "hour": " 10:00:00",
            "low": "108.08"
        },
        {
            "end": "108.4",
            "first": "108.2",
            "high": "108.4",
            "hour": " 11:00:00",
            "low": "108.14"
        },
        {
            "end": "108.48",
            "first": "108.4",
            "high": "108.53",
            "hour": " 12:00:00",
            "low": "108.39"
        },
        {
            "end": "108.5",
            "first": "108.49",
            "high": "108.56",
            "hour": " 13:00:00",
            "low": "108.45"
        },
        {
            "end": "108.56",
            "first": "108.49",
            "high": "108.7",
            "hour": " 14:00:00",
            "low": "108.49"
        },
        {
            "end": "108.42",
            "first": "108.56",
            "high": "108.56",
            "hour": " 15:00:00",
            "low": "108.28"
        },
        {
            "end": "108.42",
            "first": "108.42",
            "high": "108.42",
            "hour": " 16:00:00",
            "low": "108.42"
        }
    ],
    "10/19/2016": [
        {
            "end": "108.48",
            "first": "108.71",
            "high": "108.81",
            "hour": " 09:00:00",
            "low": "108.38"
        },
        {
            "end": "108.67",
            "first": "108.48",
            "high": "108.81",
            "hour": " 10:00:00",
            "low": "108.4"
        },
        {
            "end": "108.18",
            "first": "108.63",
            "high": "108.63",
            "hour": " 11:00:00",
            "low": "108.18"
        },
        {
            "end": "108.36",
            "first": "108.2",
            "high": "108.37",
            "hour": " 12:00:00",
            "low": "108.16"
        },
        {
            "end": "108.55",
            "first": "108.36",
            "high": "108.7",
            "hour": " 13:00:00",
            "low": "108.34"
        },
        {
            "end": "108.54",
            "first": "108.56",
            "high": "108.66",
            "hour": " 14:00:00",
            "low": "108.49"
        },
        {
            "end": "108.4",
            "first": "108.54",
            "high": "108.62",
            "hour": " 15:00:00",
            "low": "108.37"
        },
        {
            "end": "108.39",
            "first": "108.39",
            "high": "108.39",
            "hour": " 16:00:00",
            "low": "108.39"
        }
    ],
    "10/20/2016": [
        {
            "end": "108.17",
            "first": "108.41",
            "high": "108.71",
            "hour": " 09:00:00",
            "low": "107.92"
        },
        {
            "end": "107.77",
            "first": "108.2",
            "high": "108.49",
            "hour": " 10:00:00",
            "low": "107.55"
        },
        {
            "end": "108.35",
            "first": "107.82",
            "high": "108.35",
            "hour": " 11:00:00",
            "low": "107.72"
        },
        {
            "end": "108.78",
            "first": "108.36",
            "high": "108.835",
            "hour": " 12:00:00",
            "low": "108.31"
        },
        {
            "end": "108.69",
            "first": "108.79",
            "high": "109.065",
            "hour": " 13:00:00",
            "low": "108.66"
        },
        {
            "end": "109.04",
            "first": "108.7",
            "high": "109.19",
            "hour": " 14:00:00",
            "low": "108.69"
        },
        {
            "end": "109.03",
            "first": "109.04",
            "high": "109.37",
            "hour": " 15:00:00",
            "low": "108.97"
        },
        {
            "end": "109.03",
            "first": "109.03",
            "high": "109.03",
            "hour": " 16:00:00",
            "low": "109.03"
        },
        {
            "end": "0",
            "first": "109.22",
            "high": "0",
            "hour": " 17:00:00",
            "low": "0"
        },
        {
            "end": "0",
            "first": "108.9",
            "high": "0",
            "hour": " 18:00:00",
            "low": "0"
        }
    ],
    "10/21/2016": [
        {
            "end": "108.54",
            "first": "108.51",
            "high": "108.6",
            "hour": " 09:00:00",
            "low": "107.65"
        },
        {
            "end": "108.19",
            "first": "108.51",
            "high": "108.66",
            "hour": " 10:00:00",
            "low": "108.12"
        },
        {
            "end": "108.69",
            "first": "108.21",
            "high": "108.76",
            "hour": " 11:00:00",
            "low": "108.21"
        },
        {
            "end": "108.85",
            "first": "108.7",
            "high": "108.9",
            "hour": " 12:00:00",
            "low": "108.7"
        },
        {
            "end": "108.88",
            "first": "108.86",
            "high": "108.97",
            "hour": " 13:00:00",
            "low": "108.7"
        },
        {
            "end": "109.11",
            "first": "108.87",
            "high": "109.11",
            "hour": " 14:00:00",
            "low": "108.8"
        },
        {
            "end": "109.03",
            "first": "109.11",
            "high": "109.17",
            "hour": " 15:00:00",
            "low": "108.93"
        },
        {
            "end": "109.03",
            "first": "109.03",
            "high": "109.03",
            "hour": " 16:00:00",
            "low": "109.03"
        },
        {
            "end": "0",
            "first": "109.3",
            "high": "0",
            "hour": " 17:00:00",
            "low": "0"
        }
    ],
    "10/24/2016": [
        {
            "end": "110.67",
            "first": "109.28",
            "high": "110.94",
            "hour": " 09:00:00",
            "low": "109.58"
        },
        {
            "end": "110.68",
            "first": "110.72",
            "high": "111.08",
            "hour": " 10:00:00",
            "low": "110.65"
        },
        {
            "end": "110.53",
            "first": "110.65",
            "high": "110.84",
            "hour": " 11:00:00",
            "low": "110.51"
        },
        {
            "end": "110.44",
            "first": "110.51",
            "high": "110.65",
            "hour": " 12:00:00",
            "low": "110.39"
        },
        {
            "end": "110.57",
            "first": "110.45",
            "high": "110.61",
            "hour": " 13:00:00",
            "low": "110.38"
        },
        {
            "end": "110.67",
            "first": "110.59",
            "high": "110.68",
            "hour": " 14:00:00",
            "low": "110.5"
        },
        {
            "end": "110.79",
            "first": "110.65",
            "high": "110.9",
            "hour": " 15:00:00",
            "low": "110.53"
        },
        {
            "end": "110.81",
            "first": "110.81",
            "high": "110.81",
            "hour": " 16:00:00",
            "low": "110.81"
        },
        {
            "end": "0",
            "first": "110.84",
            "high": "0",
            "hour": " 17:00:00",
            "low": "0"
        }
    ],
    "10/25/2016": [
        {
            "end": "110.33",
            "first": "111",
            "high": "110.76",
            "hour": " 09:00:00",
            "low": "110.14"
        },
        {
            "end": "109.18",
            "first": "110.36",
            "high": "110.36",
            "hour": " 10:00:00",
            "low": "109.08"
        },
        {
            "end": "109.17",
            "first": "109.2",
            "high": "109.51",
            "hour": " 11:00:00",
            "low": "109.05"
        },
        {
            "end": "109.16",
            "first": "109.16",
            "high": "109.29",
            "hour": " 12:00:00",
            "low": "109"
        },
        {
            "end": "109.23",
            "first": "109.175",
            "high": "109.35",
            "hour": " 13:00:00",
            "low": "108.95"
        },
        {
            "end": "109.01",
            "first": "109.24",
            "high": "109.25",
            "hour": " 14:00:00",
            "low": "108.99"
        },
        {
            "end": "109.03",
            "first": "109",
            "high": "109.1",
            "hour": " 15:00:00",
            "low": "108.96"
        },
        {
            "end": "109.03",
            "first": "109.03",
            "high": "109.03",
            "hour": " 16:00:00",
            "low": "109.03"
        },
        {
            "end": "0",
            "first": "109.5",
            "high": "0",
            "hour": " 17:00:00",
            "low": "0"
        },
        {
            "end": "0",
            "first": "109.5",
            "high": "0",
            "hour": " 19:00:00",
            "low": "0"
        }
    ],
    "10/26/2016": [
        {
            "end": "108.29",
            "first": "108.74",
            "high": "108.74",
            "hour": " 09:00:00",
            "low": "108.085"
        },
        {
            "end": "108.52",
            "first": "108.31",
            "high": "108.56",
            "hour": " 10:00:00",
            "low": "108"
        },
        {
            "end": "108.44",
            "first": "108.48",
            "high": "108.68",
            "hour": " 11:00:00",
            "low": "108.36"
        },
        {
            "end": "108.34",
            "first": "108.45",
            "high": "108.62",
            "hour": " 12:00:00",
            "low": "108.33"
        },
        {
            "end": "107.77",
            "first": "108.35",
            "high": "108.42",
            "hour": " 13:00:00",
            "low": "107.63"
        },
        {
            "end": "108",
            "first": "107.78",
            "high": "108.05",
            "hour": " 14:00:00",
            "low": "107.59"
        },
        {
            "end": "107.98",
            "first": "107.98",
            "high": "108.11",
            "hour": " 15:00:00",
            "low": "107.87"
        },
        {
            "end": "107.97",
            "first": "107.97",
            "high": "107.97",
            "hour": " 16:00:00",
            "low": "107.97"
        }
    ],
    "10/27/2016": [
        {
            "end": "0",
            "first": "108.3",
            "high": "0",
            "hour": " 08:00:00",
            "low": "0"
        },
        {
            "end": "108.3",
            "first": "108.55",
            "high": "108.66",
            "hour": " 09:00:00",
            "low": "108.19"
        },
        {
            "end": "107.45",
            "first": "108.28",
            "high": "108.37",
            "hour": " 10:00:00",
            "low": "107.415"
        },
        {
            "end": "107.51",
            "first": "107.46",
            "high": "107.64",
            "hour": " 11:00:00",
            "low": "107.145"
        },
        {
            "end": "107.11",
            "first": "107.52",
            "high": "107.59",
            "hour": " 12:00:00",
            "low": "107.04"
        },
        {
            "end": "107.29",
            "first": "107.11",
            "high": "107.45",
            "hour": " 13:00:00",
            "low": "107.09"
        },
        {
            "end": "107.07",
            "first": "107.29",
            "high": "107.46",
            "hour": " 14:00:00",
            "low": "106.9"
        },
        {
            "end": "107.07",
            "first": "107.1",
            "high": "107.13",
            "hour": " 15:00:00",
            "low": "106.68"
        },
        {
            "end": "107.07",
            "first": "107.07",
            "high": "107.07",
            "hour": " 16:00:00",
            "low": "107.07"
        }
    ],
    "10/28/2016": [
        {
            "end": "108.08",
            "first": "107.07",
            "high": "108.32",
            "hour": " 09:00:00",
            "low": "107"
        },
        {
            "end": "107.93",
            "first": "108.08",
            "high": "108.2",
            "hour": " 10:00:00",
            "low": "107.59"
        },
        {
            "end": "107.84",
            "first": "107.96",
            "high": "108.15",
            "hour": " 11:00:00",
            "low": "107.84"
        },
        {
            "end": "108.04",
            "first": "107.82",
            "high": "108.07",
            "hour": " 12:00:00",
            "low": "107.67"
        },
        {
            "end": "107.61",
            "first": "108.06",
            "high": "108.13",
            "hour": " 13:00:00",
            "low": "107.41"
        },
        {
            "end": "107.88",
            "first": "107.59",
            "high": "107.93",
            "hour": " 14:00:00",
            "low": "107.39"
        },
        {
            "end": "107.6",
            "first": "107.87",
            "high": "107.91",
            "hour": " 15:00:00",
            "low": "107.45"
        },
        {
            "end": "107.6",
            "first": "107.6",
            "high": "107.6",
            "hour": " 16:00:00",
            "low": "107.6"
        }
    ],
    "11/01/2016": [
        {
            "end": "106.97",
            "first": "107.8",
            "high": "107.97",
            "hour": " 09:00:00",
            "low": "106.87"
        },
        {
            "end": "107.28",
            "first": "106.95",
            "high": "107.31",
            "hour": " 10:00:00",
            "low": "106.82"
        },
        {
            "end": "107.26",
            "first": "107.25",
            "high": "107.44",
            "hour": " 11:00:00",
            "low": "107.11"
        },
        {
            "end": "106.88",
            "first": "107.27",
            "high": "107.28",
            "hour": " 12:00:00",
            "low": "106.78"
        },
        {
            "end": "106.37",
            "first": "106.86",
            "high": "106.91",
            "hour": " 13:00:00",
            "low": "106.21"
        },
        {
            "end": "106.59",
            "first": "106.35",
            "high": "106.785",
            "hour": " 14:00:00",
            "low": "106.06"
        },
        {
            "end": "106.87",
            "first": "106.59",
            "high": "107.04",
            "hour": " 15:00:00",
            "low": "106.49"
        },
        {
            "end": "106.87",
            "first": "106.87",
            "high": "106.87",
            "hour": " 16:00:00",
            "low": "106.87"
        }
    ],
    "11/02/2016": [
        {
            "end": "106.88",
            "first": "106.88",
            "high": "106.9",
            "hour": " 09:00:00",
            "low": "106.44"
        },
        {
            "end": "106.43",
            "first": "106.85",
            "high": "106.85",
            "hour": " 10:00:00",
            "low": "106.16"
        },
        {
            "end": "106.53",
            "first": "106.48",
            "high": "106.94",
            "hour": " 11:00:00",
            "low": "106.44"
        },
        {
            "end": "106.33",
            "first": "106.53",
            "high": "106.72",
            "hour": " 12:00:00",
            "low": "106.22"
        },
        {
            "end": "105.95",
            "first": "106.33",
            "high": "106.36",
            "hour": " 13:00:00",
            "low": "105.73"
        },
        {
            "end": "106.12",
            "first": "105.96",
            "high": "106.345",
            "hour": " 14:00:00",
            "low": "105.57"
        },
        {
            "end": "105.89",
            "first": "106.1",
            "high": "106.36",
            "hour": " 15:00:00",
            "low": "105.84"
        },
        {
            "end": "105.89",
            "first": "105.89",
            "high": "105.89",
            "hour": " 16:00:00",
            "low": "105.89"
        },
        {
            "end": "0",
            "first": "106.48",
            "high": "0",
            "hour": " 17:00:00",
            "low": "0"
        },
        {
            "end": "0",
            "first": "106.5",
            "high": "0",
            "hour": " 18:00:00",
            "low": "0"
        }
    ],
    "11/03/2016": [
        {
            "end": "107.09",
            "first": "107.21",
            "high": "108.17",
            "hour": " 09:00:00",
            "low": "106.5"
        },
        {
            "end": "107.19",
            "first": "107.05",
            "high": "107.37",
            "hour": " 10:00:00",
            "low": "106.76"
        },
        {
            "end": "107.73",
            "first": "107.18",
            "high": "107.86",
            "hour": " 11:00:00",
            "low": "107.065"
        },
        {
            "end": "107.55",
            "first": "107.71",
            "high": "107.71",
            "hour": " 12:00:00",
            "low": "107"
        },
        {
            "end": "107.29",
            "first": "107.54",
            "high": "107.63",
            "hour": " 13:00:00",
            "low": "107.27"
        },
        {
            "end": "107.76",
            "first": "107.32",
            "high": "107.78",
            "hour": " 14:00:00",
            "low": "107.3"
        },
        {
            "end": "107.18",
            "first": "107.76",
            "high": "107.84",
            "hour": " 15:00:00",
            "low": "107.16"
        },
        {
            "end": "107.17",
            "first": "107.17",
            "high": "107.17",
            "hour": " 16:00:00",
            "low": "107.17"
        }
    ],
    "11/04/2016": [
        {
            "end": "105.92",
            "first": "106.23",
            "high": "107.08",
            "hour": " 09:00:00",
            "low": "105.65"
        },
        {
            "end": "105.68",
            "first": "105.95",
            "high": "106.23",
            "hour": " 10:00:00",
            "low": "105.6"
        },
        {
            "end": "106.39",
            "first": "105.69",
            "high": "106.41",
            "hour": " 11:00:00",
            "low": "105.69"
        },
        {
            "end": "107.075",
            "first": "106.41",
            "high": "107.09",
            "hour": " 12:00:00",
            "low": "106.41"
        },
        {
            "end": "106.74",
            "first": "107.07",
            "high": "107.07",
            "hour": " 13:00:00",
            "low": "106.71"
        },
        {
            "end": "106.43",
            "first": "106.72",
            "high": "106.72",
            "hour": " 14:00:00",
            "low": "106.28"
        },
        {
            "end": "106.2",
            "first": "106.42",
            "high": "106.63",
            "hour": " 15:00:00",
            "low": "106.19"
        },
        {
            "end": "106.2",
            "first": "106.2",
            "high": "106.2",
            "hour": " 16:00:00",
            "low": "106.2"
        },
        {
            "end": "0",
            "first": "106.1",
            "high": "0",
            "hour": " 17:00:00",
            "low": "0"
        }
    ],
    "11/07/2016": [
        {
            "end": "0",
            "first": "108.08",
            "high": "0",
            "hour": " 08:00:00",
            "low": "0"
        },
        {
            "end": "108.37",
            "first": "107.8",
            "high": "108.41",
            "hour": " 09:00:00",
            "low": "107.37"
        },
        {
            "end": "108.66",
            "first": "108.42",
            "high": "108.82",
            "hour": " 10:00:00",
            "low": "108.32"
        },
        {
            "end": "108.65",
            "first": "108.66",
            "high": "108.88",
            "hour": " 11:00:00",
            "low": "108.56"
        },
        {
            "end": "108.8",
            "first": "108.66",
            "high": "108.81",
            "hour": " 12:00:00",
            "low": "108.55"
        },
        {
            "end": "108.5",
            "first": "108.83",
            "high": "108.96",
            "hour": " 13:00:00",
            "low": "108.46"
        },
        {
            "end": "108.28",
            "first": "108.48",
            "high": "108.59",
            "hour": " 14:00:00",
            "low": "108.23"
        },
        {
            "end": "108.66",
            "first": "108.29",
            "high": "108.76",
            "hour": " 15:00:00",
            "low": "108.2"
        },
        {
            "end": "108.66",
            "first": "108.66",
            "high": "108.66",
            "hour": " 16:00:00",
            "low": "108.66"
        }
    ],
    "11/08/2016": [
        {
            "end": "108.52",
            "first": "108.77",
            "high": "108.77",
            "hour": " 09:00:00",
            "low": "108.12"
        },
        {
            "end": "108.55",
            "first": "108.53",
            "high": "108.79",
            "hour": " 10:00:00",
            "low": "108.46"
        },
        {
            "end": "108.6",
            "first": "108.54",
            "high": "108.66",
            "hour": " 11:00:00",
            "low": "108.36"
        },
        {
            "end": "109.11",
            "first": "108.62",
            "high": "109.15",
            "hour": " 12:00:00",
            "low": "108.62"
        },
        {
            "end": "108.47",
            "first": "109.12",
            "high": "109.15",
            "hour": " 13:00:00",
            "low": "108.42"
        },
        {
            "end": "108.06",
            "first": "108.49",
            "high": "108.54",
            "hour": " 14:00:00",
            "low": "107.93"
        },
        {
            "end": "108.39",
            "first": "108.06",
            "high": "108.61",
            "hour": " 15:00:00",
            "low": "107.98"
        },
        {
            "end": "108.39",
            "first": "108.39",
            "high": "108.39",
            "hour": " 16:00:00",
            "low": "108.39"
        }
    ],
    "11/09/2016": [
        {
            "end": "0",
            "first": "106.08",
            "high": "0",
            "hour": " 07:00:00",
            "low": "0"
        },
        {
            "end": "0",
            "first": "104.51",
            "high": "0",
            "hour": " 08:00:00",
            "low": "0"
        },
        {
            "end": "106.51",
            "first": "106.22",
            "high": "106.95",
            "hour": " 09:00:00",
            "low": "104.61"
        },
        {
            "end": "106.18",
            "first": "106.49",
            "high": "106.49",
            "hour": " 10:00:00",
            "low": "105.41"
        },
        {
            "end": "107.395",
            "first": "106.21",
            "high": "107.58",
            "hour": " 11:00:00",
            "low": "105.89"
        },
        {
            "end": "107.58",
            "first": "107.4",
            "high": "107.62",
            "hour": " 12:00:00",
            "low": "106.64"
        },
        {
            "end": "107.01",
            "first": "107.59",
            "high": "107.62",
            "hour": " 13:00:00",
            "low": "106.44"
        },
        {
            "end": "107.49",
            "first": "107.06",
            "high": "107.82",
            "hour": " 14:00:00",
            "low": "106.95"
        },
        {
            "end": "107.86",
            "first": "107.53",
            "high": "108.05",
            "hour": " 15:00:00",
            "low": "107.48"
        },
        {
            "end": "107.86",
            "first": "107.86",
            "high": "107.86",
            "hour": " 16:00:00",
            "low": "107.86"
        }
    ],
    "11/10/2016": [
        {
            "end": "107.1",
            "first": "108",
            "high": "108.23",
            "hour": " 09:00:00",
            "low": "107.03"
        },
        {
            "end": "102.255",
            "first": "107.08",
            "high": "107.23",
            "hour": " 10:00:00",
            "low": "101.83"
        },
        {
            "end": "102.54",
            "first": "102.21",
            "high": "103.09",
            "hour": " 11:00:00",
            "low": "101.66"
        },
        {
            "end": "103.94",
            "first": "102.58",
            "high": "103.97",
            "hour": " 12:00:00",
            "low": "102.48"
        },
        {
            "end": "105.37",
            "first": "103.94",
            "high": "105.65",
            "hour": " 13:00:00",
            "low": "103.75"
        },
        {
            "end": "105.43",
            "first": "105.35",
            "high": "105.75",
            "hour": " 14:00:00",
            "low": "104.73"
        },
        {
            "end": "104.08",
            "first": "105.39",
            "high": "105.6",
            "hour": " 15:00:00",
            "low": "103.91"
        },
        {
            "end": "104.08",
            "first": "104.08",
            "high": "104.08",
            "hour": " 16:00:00",
            "low": "104.08"
        },
        {
            "end": "0",
            "first": "104.49",
            "high": "0",
            "hour": " 17:00:00",
            "low": "0"
        },
        {
            "end": "0",
            "first": "104.48",
            "high": "0",
            "hour": " 18:00:00",
            "low": "0"
        }
    ],
    "11/11/2016": [
        {
            "end": "0",
            "first": "102.1",
            "high": "0",
            "hour": " 08:00:00",
            "low": "0"
        },
        {
            "end": "103.23",
            "first": "103.6",
            "high": "104.41",
            "hour": " 09:00:00",
            "low": "103.01"
        },
        {
            "end": "103.99",
            "first": "103.24",
            "high": "104.45",
            "hour": " 10:00:00",
            "low": "103.18"
        },
        {
            "end": "103.43",
            "first": "103.95",
            "high": "103.95",
            "hour": " 11:00:00",
            "low": "102.63"
        },
        {
            "end": "102.81",
            "first": "103.41",
            "high": "103.89",
            "hour": " 12:00:00",
            "low": "102.75"
        },
        {
            "end": "103.27",
            "first": "102.86",
            "high": "103.56",
            "hour": " 13:00:00",
            "low": "102.78"
        },
        {
            "end": "103.33",
            "first": "103.29",
            "high": "103.54",
            "hour": " 14:00:00",
            "low": "103.05"
        },
        {
            "end": "103.69",
            "first": "103.31",
            "high": "103.88",
            "hour": " 15:00:00",
            "low": "103.28"
        },
        {
            "end": "103.68",
            "first": "103.68",
            "high": "103.68",
            "hour": " 16:00:00",
            "low": "103.68"
        }
    ]
}